pkg-bga121n40p11x11_500x500x100b25-footprint-density~b,882542f6-48ad-4df8-986f-5c9ff316612e
pkg-bga121n40p11x11_500x500x100b25-pad-a1,0fb98b90-6d25-47a6-a796-cd1ae65b1626
pkg-bga121n40p11x11_500x500x100b25-pad-a10,bb65d59a-1e01-4700-a940-942a5b48c6c7
pkg-bga121n40p11x11_500x500x100b25-pad-a11,20f8f28d-f25d-43f1-a92d-b2786f51ad22
pkg-bga121n40p11x11_500x500x100b25-pad-a2,256b974b-4263-4ba1-a973-e29bdae29d70
pkg-bga121n40p11x11_500x500x100b25-pad-a3,b4f44d5f-f578-42b8-84d0-d8e527999924
pkg-bga121n40p11x11_500x500x100b25-pad-a4,9d97370e-f250-46d6-8be6-c0973264ce37
pkg-bga121n40p11x11_500x500x100b25-pad-a5,c84ccd7d-e0d4-44f1-8f73-667842483504
pkg-bga121n40p11x11_500x500x100b25-pad-a6,98a8cfc2-8362-4462-ada1-4f176c579f7d
pkg-bga121n40p11x11_500x500x100b25-pad-a7,4634f389-55fc-4e5a-aa2b-0d9d4c0347ac
pkg-bga121n40p11x11_500x500x100b25-pad-a8,994302eb-dc76-46a9-895b-4ccb72607ab4
pkg-bga121n40p11x11_500x500x100b25-pad-a9,537d21ba-7a48-4e93-b65b-33c77237f883
pkg-bga121n40p11x11_500x500x100b25-pad-b1,830fbaae-8493-4d07-8ea7-8670c676d6df
pkg-bga121n40p11x11_500x500x100b25-pad-b10,73bd499e-8130-4ae6-a46e-34588c562dd6
pkg-bga121n40p11x11_500x500x100b25-pad-b11,b2b0ca00-c5f0-4717-9dc3-e9050bed572f
pkg-bga121n40p11x11_500x500x100b25-pad-b2,f9d4b8f8-37e8-4546-a777-b242e47323a9
pkg-bga121n40p11x11_500x500x100b25-pad-b3,cd38a831-3588-45f1-9247-428dbcf56718
pkg-bga121n40p11x11_500x500x100b25-pad-b4,ee827575-0344-4f1c-b4de-c7e8d2f1bd6a
pkg-bga121n40p11x11_500x500x100b25-pad-b5,c8825f03-16fd-42e4-b225-2378fdc007eb
pkg-bga121n40p11x11_500x500x100b25-pad-b6,f148afb7-d065-4ee6-a7fd-664c6a3a42ec
pkg-bga121n40p11x11_500x500x100b25-pad-b7,7ac61a76-c1e4-4d00-8fbe-530ed8663aab
pkg-bga121n40p11x11_500x500x100b25-pad-b8,c013abe2-e2c1-42a9-bfdd-fc850f82a0bd
pkg-bga121n40p11x11_500x500x100b25-pad-b9,433e7d6b-f406-4eea-b75c-0177b44b69a8
pkg-bga121n40p11x11_500x500x100b25-pad-c1,f8892bf5-b130-4556-8937-1c98717fbdf2
pkg-bga121n40p11x11_500x500x100b25-pad-c10,d489d90d-d4ae-40bf-890a-691eda5c385a
pkg-bga121n40p11x11_500x500x100b25-pad-c11,e71fd94b-f8b9-418b-8ad1-f4b341d0dfd4
pkg-bga121n40p11x11_500x500x100b25-pad-c2,d2c6e0d9-5482-411b-a63d-905c6389a598
pkg-bga121n40p11x11_500x500x100b25-pad-c3,5e65cde9-ad3f-46c8-8f64-906951f52026
pkg-bga121n40p11x11_500x500x100b25-pad-c4,38faebf7-42dd-47fa-8b8d-6767db807213
pkg-bga121n40p11x11_500x500x100b25-pad-c5,3ac4fc1e-2629-4346-8d25-bb4a6480769e
pkg-bga121n40p11x11_500x500x100b25-pad-c6,2daaf9de-5090-40eb-9833-cdf7e7cd639c
pkg-bga121n40p11x11_500x500x100b25-pad-c7,7650ee2e-cb51-4c3a-9da4-7ae622f035f4
pkg-bga121n40p11x11_500x500x100b25-pad-c8,71ac08ff-d787-4d4f-af20-6b76e0ef0109
pkg-bga121n40p11x11_500x500x100b25-pad-c9,c570829b-5004-44a5-b1a2-feb556abdec8
pkg-bga121n40p11x11_500x500x100b25-pad-d1,58266924-56a6-4b3e-9e8f-f7e1610575d5
pkg-bga121n40p11x11_500x500x100b25-pad-d10,73663e95-7836-453b-a1f4-d60d9ccb1310
pkg-bga121n40p11x11_500x500x100b25-pad-d11,c58c6b9b-4b73-4e2f-b306-09eae33a06b5
pkg-bga121n40p11x11_500x500x100b25-pad-d2,a39a4bb4-2487-4b2f-86d0-da6ed8b8d266
pkg-bga121n40p11x11_500x500x100b25-pad-d3,df6705d3-d380-492f-a06f-eb0e806893a3
pkg-bga121n40p11x11_500x500x100b25-pad-d4,a619086d-8756-43ca-9320-7db41a085039
pkg-bga121n40p11x11_500x500x100b25-pad-d5,b3ea72a7-2a9c-46ec-b0b9-224e83cf63a0
pkg-bga121n40p11x11_500x500x100b25-pad-d6,1bc79f97-6215-41cd-96de-4294b379564b
pkg-bga121n40p11x11_500x500x100b25-pad-d7,561245c2-9df1-4368-9222-1d20f8ee7da5
pkg-bga121n40p11x11_500x500x100b25-pad-d8,a83c5a9b-b206-4719-bcac-033d9280ab33
pkg-bga121n40p11x11_500x500x100b25-pad-d9,698de16a-dea9-410d-9ad0-6845a3457cf9
pkg-bga121n40p11x11_500x500x100b25-pad-e1,122de053-2005-4b27-9fd0-156168fcc78c
pkg-bga121n40p11x11_500x500x100b25-pad-e10,df170f72-6fad-49cd-b97d-d2850977b3f2
pkg-bga121n40p11x11_500x500x100b25-pad-e11,fd549a99-8c14-48eb-84e6-2eaddb84de5a
pkg-bga121n40p11x11_500x500x100b25-pad-e2,46135da5-6f98-4fe0-ab79-e5dae723ed6c
pkg-bga121n40p11x11_500x500x100b25-pad-e3,b522ebb1-6871-4140-a7b9-45f110136142
pkg-bga121n40p11x11_500x500x100b25-pad-e4,643382bc-1195-47b0-ba84-7316d7e3b387
pkg-bga121n40p11x11_500x500x100b25-pad-e5,636116da-d8b1-4f8d-a19d-057a4abb7f99
pkg-bga121n40p11x11_500x500x100b25-pad-e6,5a862ae0-bb3e-4022-baa6-6c36434170b9
pkg-bga121n40p11x11_500x500x100b25-pad-e7,67f583a9-6dba-4ed8-9fae-4c4b381f306f
pkg-bga121n40p11x11_500x500x100b25-pad-e8,e875c114-bffc-472a-ace2-8960ba005e50
pkg-bga121n40p11x11_500x500x100b25-pad-e9,a3973766-492f-4410-b091-6a3cc8102a99
pkg-bga121n40p11x11_500x500x100b25-pad-f1,da7abee8-7e19-443b-a3da-686c97cb1edc
pkg-bga121n40p11x11_500x500x100b25-pad-f10,b244dc59-3700-485b-9990-69715ff724e5
pkg-bga121n40p11x11_500x500x100b25-pad-f11,b8ceb5be-fd5a-4c0f-84f8-2591d8fd82c3
pkg-bga121n40p11x11_500x500x100b25-pad-f2,ed2899e8-976d-469a-b4ad-4b5ef0bb96e9
pkg-bga121n40p11x11_500x500x100b25-pad-f3,0ec54aa3-d4f0-48f9-a1d9-037aeb7ec109
pkg-bga121n40p11x11_500x500x100b25-pad-f4,b3abaa8f-b56b-42f1-be52-9c1a42153c73
pkg-bga121n40p11x11_500x500x100b25-pad-f5,fc9bdd9c-9edd-4266-bf72-c3db63ac7b27
pkg-bga121n40p11x11_500x500x100b25-pad-f6,80fc6cee-fb54-48d0-8363-03f69cbfbf61
pkg-bga121n40p11x11_500x500x100b25-pad-f7,67fc4fcb-f984-45a0-8a57-6e3cf2d73815
pkg-bga121n40p11x11_500x500x100b25-pad-f8,40c87764-4b85-432e-8e15-139590210cf3
pkg-bga121n40p11x11_500x500x100b25-pad-f9,27f86200-db4c-4315-8549-de37126dff9a
pkg-bga121n40p11x11_500x500x100b25-pad-g1,1a827853-6193-496e-acf1-99cf35d7f832
pkg-bga121n40p11x11_500x500x100b25-pad-g10,8d5c0d85-2af8-4108-b01e-0079e0860dfd
pkg-bga121n40p11x11_500x500x100b25-pad-g11,353f62aa-c903-41eb-964e-16c5f02411bc
pkg-bga121n40p11x11_500x500x100b25-pad-g2,4b47b087-9a39-49fe-b9e7-ced1933a3fa6
pkg-bga121n40p11x11_500x500x100b25-pad-g3,cc38977e-4367-4d82-a7ad-df6565dc492e
pkg-bga121n40p11x11_500x500x100b25-pad-g4,45207a35-0d8e-46f7-a08f-6c35882b2ca4
pkg-bga121n40p11x11_500x500x100b25-pad-g5,01321454-d17d-4e36-8c2f-e76a07e39de0
pkg-bga121n40p11x11_500x500x100b25-pad-g6,2581d78c-006a-4f86-a69b-f212c46bdb57
pkg-bga121n40p11x11_500x500x100b25-pad-g7,e4e47d06-a8dc-418d-8e11-8ea71e53d027
pkg-bga121n40p11x11_500x500x100b25-pad-g8,786117b7-6e38-48d0-99b4-43942e93a837
pkg-bga121n40p11x11_500x500x100b25-pad-g9,97d5144c-9742-469f-b09f-13193c5d15b1
pkg-bga121n40p11x11_500x500x100b25-pad-h1,a5aac1aa-0abe-4f6f-b9e8-8f818d4fdf0f
pkg-bga121n40p11x11_500x500x100b25-pad-h10,61f71f98-5718-4552-b6ed-0a6f0d0caedf
pkg-bga121n40p11x11_500x500x100b25-pad-h11,745e9016-07f1-444f-9c9a-409b9e0d58b3
pkg-bga121n40p11x11_500x500x100b25-pad-h2,7d5d0204-5538-44c0-bfb0-3264882093e4
pkg-bga121n40p11x11_500x500x100b25-pad-h3,7f77b4d0-1b47-42a9-9d13-05ebf73e0f87
pkg-bga121n40p11x11_500x500x100b25-pad-h4,5c8b18bf-d564-47b2-a68c-364c8064c8d4
pkg-bga121n40p11x11_500x500x100b25-pad-h5,ccffe815-82c0-4194-be2b-5d9fc5891731
pkg-bga121n40p11x11_500x500x100b25-pad-h6,c7628944-3808-453a-ab9c-6e93088a7c32
pkg-bga121n40p11x11_500x500x100b25-pad-h7,c55111e7-e1ab-4a6d-b432-70ff842a5c47
pkg-bga121n40p11x11_500x500x100b25-pad-h8,842220f8-d974-44c0-9170-46fd4e1672b9
pkg-bga121n40p11x11_500x500x100b25-pad-h9,867e4d98-b794-4713-a10e-d9f24ed73f39
pkg-bga121n40p11x11_500x500x100b25-pad-j1,f1e6c11f-fc77-4b20-ad27-224ac7c30d34
pkg-bga121n40p11x11_500x500x100b25-pad-j10,a134c223-3d80-4e35-b42d-fea28dea70a5
pkg-bga121n40p11x11_500x500x100b25-pad-j11,a5bebedd-1213-4f31-baa6-50eccbe8437e
pkg-bga121n40p11x11_500x500x100b25-pad-j2,fa6f2642-57a7-4532-b0cc-35b387446d25
pkg-bga121n40p11x11_500x500x100b25-pad-j3,b53a83f9-4863-4ab5-8395-b3c997f39d21
pkg-bga121n40p11x11_500x500x100b25-pad-j4,99b006c3-fccf-42c5-a55c-e4b872774d50
pkg-bga121n40p11x11_500x500x100b25-pad-j5,0e4e616a-2d0e-46a3-9362-aaf92544c5a3
pkg-bga121n40p11x11_500x500x100b25-pad-j6,6b4676f0-2008-4a86-84f6-bd03aa0e26f5
pkg-bga121n40p11x11_500x500x100b25-pad-j7,612afc6e-8338-4272-8aef-dcc8ede2d9a5
pkg-bga121n40p11x11_500x500x100b25-pad-j8,a7272a3d-945b-42d1-9fe0-113e7131dbf3
pkg-bga121n40p11x11_500x500x100b25-pad-j9,e57acf8f-5983-47d4-bd7e-c5efd07f16fb
pkg-bga121n40p11x11_500x500x100b25-pad-k1,2c3ba905-ff74-4fc3-9107-9bb58654a48a
pkg-bga121n40p11x11_500x500x100b25-pad-k10,b86d7b4a-69a9-4f8a-bcda-c0e48285949e
pkg-bga121n40p11x11_500x500x100b25-pad-k11,5b934037-3637-4eeb-b0d1-29f640a3830f
pkg-bga121n40p11x11_500x500x100b25-pad-k2,e9053262-0c8a-4730-9956-e3e04720f094
pkg-bga121n40p11x11_500x500x100b25-pad-k3,4689e4df-4784-4764-8976-2b7f497e7cb3
pkg-bga121n40p11x11_500x500x100b25-pad-k4,49552c0a-f515-4310-82cc-b3267a2eddf1
pkg-bga121n40p11x11_500x500x100b25-pad-k5,a4227ff5-4aa8-42e8-a0d4-272bbf21fa55
pkg-bga121n40p11x11_500x500x100b25-pad-k6,197eab13-ec05-4643-b8d7-9749bb963e00
pkg-bga121n40p11x11_500x500x100b25-pad-k7,b78cdd00-a2bd-4c2f-b98f-b0d9a15cc7e2
pkg-bga121n40p11x11_500x500x100b25-pad-k8,d1a98339-6254-40ed-9e7c-6e9e1a9373ac
pkg-bga121n40p11x11_500x500x100b25-pad-k9,a167873c-d8ca-4b24-ad78-47bfb6b7d821
pkg-bga121n40p11x11_500x500x100b25-pad-l1,c21c62af-1fc2-4aa9-9a13-5c263ec7010b
pkg-bga121n40p11x11_500x500x100b25-pad-l10,0f33ad3d-6b41-4c49-9caf-12d0b02845e3
pkg-bga121n40p11x11_500x500x100b25-pad-l11,6c8f96ec-1142-4578-81e1-0c8dbb90305c
pkg-bga121n40p11x11_500x500x100b25-pad-l2,b21659a7-9d5f-42ab-9ec0-da98919a76cd
pkg-bga121n40p11x11_500x500x100b25-pad-l3,9ca7313e-5ca4-4b28-a088-0777bd782985
pkg-bga121n40p11x11_500x500x100b25-pad-l4,a0650300-7d2a-4684-b506-f260c616a77b
pkg-bga121n40p11x11_500x500x100b25-pad-l5,1d6dc2da-bc2c-4d74-9ab7-55b5608ebed1
pkg-bga121n40p11x11_500x500x100b25-pad-l6,910f84ce-1a7e-40c6-97ee-ec163cbfd8fd
pkg-bga121n40p11x11_500x500x100b25-pad-l7,3aefccef-aa11-40bc-94fb-481ef56f4d76
pkg-bga121n40p11x11_500x500x100b25-pad-l8,df1e8390-239a-4a75-b6f4-c79e55d529b4
pkg-bga121n40p11x11_500x500x100b25-pad-l9,4c2349cb-788f-4b03-9a44-157fb2d3fde3
pkg-bga121n40p11x11_500x500x100b25-pkg,fab1774a-45f7-482e-a519-4c76fb5e46e0
pkg-bga121n40p11x11_500x500x100b25-polygon-courtyard-density~b,92a2c413-e7dc-404f-b736-617cc6fe56af
pkg-bga121n40p11x11_500x500x100b25-polygon-outline-density~b,5b694e8c-6bab-4e8b-897f-b772f306d2db
pkg-bga121n40p11x11_500x500x100b25-polygon-silkscreen-density~b,a59f2421-cf46-43af-89ce-137127697ae6
pkg-bga121n40p11x11_500x500x100b25-polygon-silkscreen2-density~b,3b0c1a77-e8c0-4df1-8ddf-3e994886c4c1
pkg-bga121n40p11x11_500x500x100b25-text-name-density~b,59a0a236-1b87-4d54-9782-c87a77ec187f
pkg-bga121n40p11x11_500x500x100b25-text-value-density~b,62a1e9af-9fa2-4693-8789-bc304faea8fb
pkg-bga121n50p11x11_600x600x100b25-footprint-density~b,34fa1ad4-c8c9-4506-9030-395f94717852
pkg-bga121n50p11x11_600x600x100b25-pad-a1,0a7ab4c4-664b-4e32-a863-bc383f8904cc
pkg-bga121n50p11x11_600x600x100b25-pad-a10,46d6a54c-aed4-407b-a7d6-aeed2c0b065e
pkg-bga121n50p11x11_600x600x100b25-pad-a11,a3ef62bf-6a56-40d3-a7f3-a22bc05c88f9
pkg-bga121n50p11x11_600x600x100b25-pad-a2,d1de86cb-7b9b-4668-b19a-5c79f9271287
pkg-bga121n50p11x11_600x600x100b25-pad-a3,04c8acaa-51fc-4c7b-b978-1c2880265af1
pkg-bga121n50p11x11_600x600x100b25-pad-a4,97518937-3862-4211-8a06-b04070e0abcd
pkg-bga121n50p11x11_600x600x100b25-pad-a5,3708bdad-c966-4c5f-8c2d-3f703ba851b1
pkg-bga121n50p11x11_600x600x100b25-pad-a6,9dd66f73-76db-44fd-85ea-0dafc1454007
pkg-bga121n50p11x11_600x600x100b25-pad-a7,f3e827ef-2f95-4b32-b98d-86c0814bfbd7
pkg-bga121n50p11x11_600x600x100b25-pad-a8,0eabe184-201b-4e78-ae09-b408bab55f37
pkg-bga121n50p11x11_600x600x100b25-pad-a9,477d1455-ef19-4aa8-a97b-21d98cc2355d
pkg-bga121n50p11x11_600x600x100b25-pad-b1,fe5a1700-0aef-42b2-9fa3-078f1e1b4c9e
pkg-bga121n50p11x11_600x600x100b25-pad-b10,1a1df0f8-c01f-43ed-af5b-16fe6ba9f401
pkg-bga121n50p11x11_600x600x100b25-pad-b11,64ba0077-6f92-413b-9fdb-805f1279657b
pkg-bga121n50p11x11_600x600x100b25-pad-b2,7433b85b-8ce1-4d71-923e-ecf75177def1
pkg-bga121n50p11x11_600x600x100b25-pad-b3,f330119b-065b-424f-ae9b-a5c012624a81
pkg-bga121n50p11x11_600x600x100b25-pad-b4,ce256960-a277-43df-a52c-0bea2b645695
pkg-bga121n50p11x11_600x600x100b25-pad-b5,c133221b-a59f-498f-b791-d23dac79ab6f
pkg-bga121n50p11x11_600x600x100b25-pad-b6,85afecf8-826f-498f-b0b4-5c980cf710a3
pkg-bga121n50p11x11_600x600x100b25-pad-b7,837a6057-c5f1-453a-848b-8525330de144
pkg-bga121n50p11x11_600x600x100b25-pad-b8,f5e79429-f1a6-4bfd-9ea6-4ec1011bca06
pkg-bga121n50p11x11_600x600x100b25-pad-b9,6a9e9644-9dfd-4997-899b-18eeaf87dd64
pkg-bga121n50p11x11_600x600x100b25-pad-c1,5a15136a-3727-44d5-a069-49aff0a8779b
pkg-bga121n50p11x11_600x600x100b25-pad-c10,642af43f-c29c-4977-8190-689643cf5b0e
pkg-bga121n50p11x11_600x600x100b25-pad-c11,8082f842-196d-4ed7-8387-54764f501cee
pkg-bga121n50p11x11_600x600x100b25-pad-c2,b6e2a192-a1a2-45d4-976f-42e16e058b80
pkg-bga121n50p11x11_600x600x100b25-pad-c3,e616cbe2-491c-4bb9-b743-3cb60b8e8e99
pkg-bga121n50p11x11_600x600x100b25-pad-c4,c3bc1b25-98c5-48f6-8342-2e44b9120691
pkg-bga121n50p11x11_600x600x100b25-pad-c5,56d92d9c-88ba-4a79-9bcc-b8c0bdd88ac4
pkg-bga121n50p11x11_600x600x100b25-pad-c6,e25c7f85-3096-478e-840b-6a23f1d267ba
pkg-bga121n50p11x11_600x600x100b25-pad-c7,c7d7672c-7370-4d24-9123-d2e752b0d926
pkg-bga121n50p11x11_600x600x100b25-pad-c8,2616e1a5-8766-434d-b4e9-ed25e42b0b9c
pkg-bga121n50p11x11_600x600x100b25-pad-c9,ffbe8450-d57f-4b46-a5ba-1772fc81b877
pkg-bga121n50p11x11_600x600x100b25-pad-d1,aeded14e-7217-4f57-ae99-46bcdcc8f82e
pkg-bga121n50p11x11_600x600x100b25-pad-d10,441ab259-8365-4645-8775-d40c1e2966f4
pkg-bga121n50p11x11_600x600x100b25-pad-d11,c0f1631c-7ead-4424-b410-36038f4ac992
pkg-bga121n50p11x11_600x600x100b25-pad-d2,0b9780f0-c5d1-4e94-9d56-0daf72d3f8b0
pkg-bga121n50p11x11_600x600x100b25-pad-d3,af78e8d1-0bfb-4d9f-9343-93df293b0e18
pkg-bga121n50p11x11_600x600x100b25-pad-d4,3db12e22-33f4-4644-a9d9-fe3ac859f4a8
pkg-bga121n50p11x11_600x600x100b25-pad-d5,6ecb3c16-7dc3-41ca-834b-881bc78dbd94
pkg-bga121n50p11x11_600x600x100b25-pad-d6,cb01ded4-1bbc-40bd-a51a-cc3940a3b4b8
pkg-bga121n50p11x11_600x600x100b25-pad-d7,f1c2c1f7-556f-4b10-a31e-062118afbe15
pkg-bga121n50p11x11_600x600x100b25-pad-d8,8158f3f4-2dcd-485c-a181-8accf3881b39
pkg-bga121n50p11x11_600x600x100b25-pad-d9,b2ca2e91-b8d5-44cd-9a2c-a00eb8d15ef8
pkg-bga121n50p11x11_600x600x100b25-pad-e1,368d9524-1bc2-4882-ae01-f2c470b5776e
pkg-bga121n50p11x11_600x600x100b25-pad-e10,23fbebe0-bfe1-49f0-b336-46bbc7e537b0
pkg-bga121n50p11x11_600x600x100b25-pad-e11,c33428be-f0ad-4c72-9204-a6e142b00eff
pkg-bga121n50p11x11_600x600x100b25-pad-e2,63c1fb80-7148-46af-8e3c-587217007772
pkg-bga121n50p11x11_600x600x100b25-pad-e3,a08ea6ff-ad91-4cb9-9284-4a2dcb6b9d42
pkg-bga121n50p11x11_600x600x100b25-pad-e4,0be9d95d-4844-451a-8ff4-fe65254a09c0
pkg-bga121n50p11x11_600x600x100b25-pad-e5,a99b9367-1fce-48ec-8b8d-2189b161b807
pkg-bga121n50p11x11_600x600x100b25-pad-e6,a5a196cd-3e02-4315-aa0a-e1ccd93fefb8
pkg-bga121n50p11x11_600x600x100b25-pad-e7,5e9b67ef-8ee1-4d12-b859-fb03854b6b8d
pkg-bga121n50p11x11_600x600x100b25-pad-e8,f78447ef-8cfe-4932-a3c6-f516c85c04e5
pkg-bga121n50p11x11_600x600x100b25-pad-e9,a0e06be2-2970-4a53-866f-0b369af11d1f
pkg-bga121n50p11x11_600x600x100b25-pad-f1,b31a3258-bce6-4c61-99eb-e68f9a04782d
pkg-bga121n50p11x11_600x600x100b25-pad-f10,4bbc75c4-cbf3-46bc-ba9e-7b2b8974233d
pkg-bga121n50p11x11_600x600x100b25-pad-f11,8b95dcc2-110f-4107-9087-8a3c452bd7c1
pkg-bga121n50p11x11_600x600x100b25-pad-f2,228436ca-4de2-497f-acdc-8295e4924f65
pkg-bga121n50p11x11_600x600x100b25-pad-f3,18dc1d98-a33a-43fb-9a8f-876349c1503b
pkg-bga121n50p11x11_600x600x100b25-pad-f4,46a81c85-1134-4755-8ef1-17b11d434ecd
pkg-bga121n50p11x11_600x600x100b25-pad-f5,72fc8a4b-37f9-46df-b82f-94b51f5854ce
pkg-bga121n50p11x11_600x600x100b25-pad-f6,95b5d221-57a8-45a8-9627-bb08b04a56f7
pkg-bga121n50p11x11_600x600x100b25-pad-f7,6b8cfead-5b82-43da-ab09-acc4a6b8e4d4
pkg-bga121n50p11x11_600x600x100b25-pad-f8,93391acb-25e9-4273-9a91-371b8221bb26
pkg-bga121n50p11x11_600x600x100b25-pad-f9,95d9344e-f06a-4960-91ec-f7f1bf2897b2
pkg-bga121n50p11x11_600x600x100b25-pad-g1,4839a355-39ff-4661-9390-42d08384534e
pkg-bga121n50p11x11_600x600x100b25-pad-g10,e0d78fab-a963-4961-a95a-f61b6541d724
pkg-bga121n50p11x11_600x600x100b25-pad-g11,bbdb9991-0d43-4595-b9a4-7e1e7441d456
pkg-bga121n50p11x11_600x600x100b25-pad-g2,65d7896d-3564-4c27-b2d1-15a76f1528d4
pkg-bga121n50p11x11_600x600x100b25-pad-g3,f560f15a-5fa4-4eec-8b29-3118606da40c
pkg-bga121n50p11x11_600x600x100b25-pad-g4,e81e0216-7813-4cae-af26-f624e9f0210a
pkg-bga121n50p11x11_600x600x100b25-pad-g5,e5a7546d-1d42-408b-9516-c72d5f58c98e
pkg-bga121n50p11x11_600x600x100b25-pad-g6,1c6fd348-407e-41dd-9ff5-519f220327c5
pkg-bga121n50p11x11_600x600x100b25-pad-g7,fe3d580e-afcc-4b74-a471-2a49f5b02c5a
pkg-bga121n50p11x11_600x600x100b25-pad-g8,003baacd-ddb6-4b7b-af8e-beaaee2ca8ce
pkg-bga121n50p11x11_600x600x100b25-pad-g9,4ba6d123-9e00-401a-b553-ae946b68f3bf
pkg-bga121n50p11x11_600x600x100b25-pad-h1,15cc6957-b213-4c68-97d9-11c569cd0771
pkg-bga121n50p11x11_600x600x100b25-pad-h10,98309c6d-efd1-4fff-ac40-a87192f05638
pkg-bga121n50p11x11_600x600x100b25-pad-h11,9d982159-5b98-4985-aeda-1e61947a0474
pkg-bga121n50p11x11_600x600x100b25-pad-h2,1afabb23-c523-43d8-9522-896058f132d7
pkg-bga121n50p11x11_600x600x100b25-pad-h3,9e3c6831-294c-4368-b7a6-74d96bd099ca
pkg-bga121n50p11x11_600x600x100b25-pad-h4,f7739b89-6159-4807-a347-aeaf9cec1120
pkg-bga121n50p11x11_600x600x100b25-pad-h5,76af9b6a-30b3-4a29-bffb-f9cb3f021012
pkg-bga121n50p11x11_600x600x100b25-pad-h6,20b4a3c8-3d2b-4aee-a01c-c64dc77b6dd7
pkg-bga121n50p11x11_600x600x100b25-pad-h7,667702d9-5dee-48f3-915b-53ad1d4a61b1
pkg-bga121n50p11x11_600x600x100b25-pad-h8,4d3d5cae-66a9-47f9-884c-065dd6e4cb5b
pkg-bga121n50p11x11_600x600x100b25-pad-h9,45df4121-b312-49a9-b139-2cf5a4e78755
pkg-bga121n50p11x11_600x600x100b25-pad-j1,76e0c041-16cb-4822-bfd5-45c825f2e679
pkg-bga121n50p11x11_600x600x100b25-pad-j10,c535eeb7-4025-4f4b-a5b8-de8e6e48ee66
pkg-bga121n50p11x11_600x600x100b25-pad-j11,eb03fca8-f37b-4559-9d63-c193aa550784
pkg-bga121n50p11x11_600x600x100b25-pad-j2,3413ca25-5fc1-4908-8c00-51dcc6221880
pkg-bga121n50p11x11_600x600x100b25-pad-j3,77155d11-d423-401f-8b07-3550dc7991e0
pkg-bga121n50p11x11_600x600x100b25-pad-j4,20543995-5507-4912-a4d9-5be7f99c28d6
pkg-bga121n50p11x11_600x600x100b25-pad-j5,063b9e2d-3e04-40ba-a692-cf1b5ff63027
pkg-bga121n50p11x11_600x600x100b25-pad-j6,1921ed50-dada-4312-a677-ab43230042c0
pkg-bga121n50p11x11_600x600x100b25-pad-j7,6d398434-9313-4cfa-b54d-fffffcc83419
pkg-bga121n50p11x11_600x600x100b25-pad-j8,f0c7bfe8-3b23-44a0-a8f8-b42997bf6444
pkg-bga121n50p11x11_600x600x100b25-pad-j9,8496363f-cf33-423a-ac1e-7691d5dac413
pkg-bga121n50p11x11_600x600x100b25-pad-k1,179a3412-9e6c-4d7e-b732-95d26d328b1c
pkg-bga121n50p11x11_600x600x100b25-pad-k10,cca348de-f7a9-4206-9cb6-88605e5bd972
pkg-bga121n50p11x11_600x600x100b25-pad-k11,1f22e5c0-0867-4976-863b-5da26683598e
pkg-bga121n50p11x11_600x600x100b25-pad-k2,1f31499c-e6bd-4d72-ba44-70b3217db8df
pkg-bga121n50p11x11_600x600x100b25-pad-k3,da43d920-df77-46e0-b0de-c683989586e3
pkg-bga121n50p11x11_600x600x100b25-pad-k4,499e50a9-4b8d-4cee-934b-f31cddbc8f0c
pkg-bga121n50p11x11_600x600x100b25-pad-k5,5c44faad-8577-47e3-9f46-214ced347ff8
pkg-bga121n50p11x11_600x600x100b25-pad-k6,8b5fd807-1501-4556-9c0b-9ee6a237cc65
pkg-bga121n50p11x11_600x600x100b25-pad-k7,76eac411-23ba-46a9-bca1-bc2be952e0e7
pkg-bga121n50p11x11_600x600x100b25-pad-k8,b3da9297-5bc7-455e-9f93-7930769329d0
pkg-bga121n50p11x11_600x600x100b25-pad-k9,c90d5e54-03a3-4075-a93b-04881c3ba6ad
pkg-bga121n50p11x11_600x600x100b25-pad-l1,e9dd5405-ae4f-4eca-a98f-86f7c8973758
pkg-bga121n50p11x11_600x600x100b25-pad-l10,b16f44c2-d107-45db-8fe9-ce8c93961630
pkg-bga121n50p11x11_600x600x100b25-pad-l11,482b3446-f1e2-46e6-8882-93dca827af94
pkg-bga121n50p11x11_600x600x100b25-pad-l2,97058afd-cf76-4dcd-912d-8c4f603fe43d
pkg-bga121n50p11x11_600x600x100b25-pad-l3,7d180df3-065f-469c-8744-c13fffe56e99
pkg-bga121n50p11x11_600x600x100b25-pad-l4,8334de7e-6ab0-4cba-b28f-fffd316ecc3a
pkg-bga121n50p11x11_600x600x100b25-pad-l5,924e6b3f-4cd3-4a0e-9a0b-76de4b30cb16
pkg-bga121n50p11x11_600x600x100b25-pad-l6,073aa54f-16d7-427c-b525-2a514a94307b
pkg-bga121n50p11x11_600x600x100b25-pad-l7,aa50458f-ab69-4efb-acef-23f45df0ef3a
pkg-bga121n50p11x11_600x600x100b25-pad-l8,517b8b61-a281-47ae-a5e2-876bd98ef3bc
pkg-bga121n50p11x11_600x600x100b25-pad-l9,3c73d093-6abe-42a8-b088-f90b2605ec7f
pkg-bga121n50p11x11_600x600x100b25-pkg,15e03a3a-778a-48cb-a1f8-182d46881a52
pkg-bga121n50p11x11_600x600x100b25-polygon-courtyard-density~b,c9c28c8f-80a9-4970-befa-427b3944be4f
pkg-bga121n50p11x11_600x600x100b25-polygon-outline-density~b,dd266ec8-20d8-4514-b2dc-5b4d2e707492
pkg-bga121n50p11x11_600x600x100b25-polygon-silkscreen-density~b,370530e5-6642-487e-b9db-c3707216aa2c
pkg-bga121n50p11x11_600x600x100b25-polygon-silkscreen2-density~b,7c9dbd3b-ab19-44ad-9ef1-2f584540d596
pkg-bga121n50p11x11_600x600x100b25-text-name-density~b,60feb2dc-dbd5-4682-8758-8bf153f13643
pkg-bga121n50p11x11_600x600x100b25-text-value-density~b,9c85876b-7149-46d9-a034-72ee4f33fe7e
pkg-bga121n80p11x11_900x900x110b40-footprint-density~b,4932f543-6f5b-4e77-9174-cf2b4087a95c
pkg-bga121n80p11x11_900x900x110b40-pad-a1,798c26b5-1e90-4bad-9aea-7942caa0c3d5
pkg-bga121n80p11x11_900x900x110b40-pad-a10,0ba5cd35-10cc-4af5-8e9b-e9cd03521377
pkg-bga121n80p11x11_900x900x110b40-pad-a11,dda5fecc-f455-4f7d-a626-78b41df4919c
pkg-bga121n80p11x11_900x900x110b40-pad-a2,012c707e-42c6-4aa0-abe3-1c58e12955c3
pkg-bga121n80p11x11_900x900x110b40-pad-a3,a97da5f1-5a53-4304-b485-5a2ad7bcba8c
pkg-bga121n80p11x11_900x900x110b40-pad-a4,5125d04e-4c12-4bce-989b-d97ea5b64f6b
pkg-bga121n80p11x11_900x900x110b40-pad-a5,26e99eda-7352-49ea-a91a-ce356e1739ec
pkg-bga121n80p11x11_900x900x110b40-pad-a6,f061aa93-9256-4e91-9d9a-13cb472ac653
pkg-bga121n80p11x11_900x900x110b40-pad-a7,f408b762-2448-48d4-b54a-42c15358f405
pkg-bga121n80p11x11_900x900x110b40-pad-a8,6e5a975f-1bab-421f-b182-0bc704db2f0e
pkg-bga121n80p11x11_900x900x110b40-pad-a9,c888f074-a093-4af1-8dc3-c19b1b1484ea
pkg-bga121n80p11x11_900x900x110b40-pad-b1,65169302-61c3-4df1-aefe-1bd1a0cefa1a
pkg-bga121n80p11x11_900x900x110b40-pad-b10,effe72ba-2ff3-40c4-b863-bf9965b62d0d
pkg-bga121n80p11x11_900x900x110b40-pad-b11,9d5386b9-2fec-42c8-9729-7476b67cd03c
pkg-bga121n80p11x11_900x900x110b40-pad-b2,f422bee5-bc03-45b1-bd96-93cb21bd72a0
pkg-bga121n80p11x11_900x900x110b40-pad-b3,5161fecf-e725-4268-8390-fd8864d32798
pkg-bga121n80p11x11_900x900x110b40-pad-b4,7d055c77-75e7-417b-8352-00c3cbef38f4
pkg-bga121n80p11x11_900x900x110b40-pad-b5,f1924183-84b8-4062-919e-a96f7cf38975
pkg-bga121n80p11x11_900x900x110b40-pad-b6,28722b13-9d37-48a2-a27a-a918f53b0713
pkg-bga121n80p11x11_900x900x110b40-pad-b7,615c480d-1633-48da-adff-c77f5f80815d
pkg-bga121n80p11x11_900x900x110b40-pad-b8,01827158-fa35-455d-9eea-1ba4afad9408
pkg-bga121n80p11x11_900x900x110b40-pad-b9,d36b6095-034d-41a9-83aa-434f8c556161
pkg-bga121n80p11x11_900x900x110b40-pad-c1,1bd824ae-146f-4fb6-bdd7-9079952f34be
pkg-bga121n80p11x11_900x900x110b40-pad-c10,7e1e0526-c12b-4d3b-8735-ccd64e76e191
pkg-bga121n80p11x11_900x900x110b40-pad-c11,3f15225d-2d83-4fa4-b157-76eff09da999
pkg-bga121n80p11x11_900x900x110b40-pad-c2,363734c1-93c3-47e4-b434-dc3dcdad9b48
pkg-bga121n80p11x11_900x900x110b40-pad-c3,a8f624ae-eb7f-4534-bfe9-4de9b68a269f
pkg-bga121n80p11x11_900x900x110b40-pad-c4,4984e223-00e3-44f1-868c-fc4d5a17161a
pkg-bga121n80p11x11_900x900x110b40-pad-c5,0953b545-428d-4640-98df-248d0e600db5
pkg-bga121n80p11x11_900x900x110b40-pad-c6,447f3efa-118a-4960-91f6-8c29d7e353d7
pkg-bga121n80p11x11_900x900x110b40-pad-c7,8c4051e9-148d-4932-bf42-1a09546191a3
pkg-bga121n80p11x11_900x900x110b40-pad-c8,17e06462-ac78-481c-947b-b907455af24e
pkg-bga121n80p11x11_900x900x110b40-pad-c9,10e684a9-6af3-4398-9821-5829fce22aea
pkg-bga121n80p11x11_900x900x110b40-pad-d1,ac16d2d9-6be1-432d-9f36-c824015391f9
pkg-bga121n80p11x11_900x900x110b40-pad-d10,df6cd79c-5caa-4582-bc8d-5571c00ddf56
pkg-bga121n80p11x11_900x900x110b40-pad-d11,4a2de996-02ee-4617-b2cb-1d7a02b8d809
pkg-bga121n80p11x11_900x900x110b40-pad-d2,1b725ad3-8775-46e8-8870-09c008111c43
pkg-bga121n80p11x11_900x900x110b40-pad-d3,5c364289-79a4-4bca-ba87-598a858d1c53
pkg-bga121n80p11x11_900x900x110b40-pad-d4,b5002bf3-44b9-4208-a948-4445bc4f5ca7
pkg-bga121n80p11x11_900x900x110b40-pad-d5,9049e4d7-3a75-4b1a-adb6-953b5193b233
pkg-bga121n80p11x11_900x900x110b40-pad-d6,e7daa9e8-f76e-4b42-aafa-4f691831012c
pkg-bga121n80p11x11_900x900x110b40-pad-d7,3e937e8f-4b81-4d9d-b798-18b4151f7770
pkg-bga121n80p11x11_900x900x110b40-pad-d8,49b26e50-ec98-4069-aad0-3f009c25e238
pkg-bga121n80p11x11_900x900x110b40-pad-d9,923e0898-2eda-4fe4-a4eb-bf7026d2880b
pkg-bga121n80p11x11_900x900x110b40-pad-e1,b5169d0b-7bea-49c8-8961-ae96e2655c93
pkg-bga121n80p11x11_900x900x110b40-pad-e10,be528ec8-3416-4f8b-83a6-e881680647ee
pkg-bga121n80p11x11_900x900x110b40-pad-e11,40986378-901f-4d09-9422-4f5dbc601e75
pkg-bga121n80p11x11_900x900x110b40-pad-e2,5e1745e0-665c-4ba1-b95c-7c8bae17db4c
pkg-bga121n80p11x11_900x900x110b40-pad-e3,1b37344a-fd01-4531-baab-8246d1d2c809
pkg-bga121n80p11x11_900x900x110b40-pad-e4,90c828b0-2514-44eb-9530-dd74e48a0ff3
pkg-bga121n80p11x11_900x900x110b40-pad-e5,705afb10-274d-49ec-aa90-6644e84c3a0b
pkg-bga121n80p11x11_900x900x110b40-pad-e6,a1c30376-78f9-4dba-b27e-6cf2e2eba1d1
pkg-bga121n80p11x11_900x900x110b40-pad-e7,b3dee9ec-93c1-44e5-a657-d87c8f613668
pkg-bga121n80p11x11_900x900x110b40-pad-e8,906d054b-ba90-4ed6-a368-018f4b40417b
pkg-bga121n80p11x11_900x900x110b40-pad-e9,03cf0b24-b75c-469b-9ccd-f161be9dcaf3
pkg-bga121n80p11x11_900x900x110b40-pad-f1,25174281-6c12-48d7-aa85-ed45fee5ca75
pkg-bga121n80p11x11_900x900x110b40-pad-f10,0757c022-b820-4f1e-9836-1e2e4100fbce
pkg-bga121n80p11x11_900x900x110b40-pad-f11,5aabfbbc-a6c5-40c7-a5e6-f7dba0baae8b
pkg-bga121n80p11x11_900x900x110b40-pad-f2,d527ca82-00ec-41dc-8c52-ccb312ddb417
pkg-bga121n80p11x11_900x900x110b40-pad-f3,ac7394d6-1ee1-4748-bf18-8c66bf946601
pkg-bga121n80p11x11_900x900x110b40-pad-f4,dfa8a838-1e9a-4e78-b9d1-62b3430865cb
pkg-bga121n80p11x11_900x900x110b40-pad-f5,cfb11bdf-3f70-464e-88d2-54f5a449e2ea
pkg-bga121n80p11x11_900x900x110b40-pad-f6,3eb12b53-1656-4506-9eb4-c6d189bbc87e
pkg-bga121n80p11x11_900x900x110b40-pad-f7,0583ade3-3a5a-4df3-a0ba-e48999d6e4ac
pkg-bga121n80p11x11_900x900x110b40-pad-f8,7ef53912-9cdd-4e59-8565-a95baf38a5f7
pkg-bga121n80p11x11_900x900x110b40-pad-f9,e79222e3-ac0c-4bfe-b62c-d66b9b1e0b36
pkg-bga121n80p11x11_900x900x110b40-pad-g1,dc54ee9d-c87f-4434-ab06-3357fe906ef8
pkg-bga121n80p11x11_900x900x110b40-pad-g10,50999814-ef2e-4bcf-abe8-113c85bc1d44
pkg-bga121n80p11x11_900x900x110b40-pad-g11,ca400d16-5349-47eb-9ecb-8caf6b821344
pkg-bga121n80p11x11_900x900x110b40-pad-g2,528e3e72-39fe-49f3-b182-d9da174c1ff0
pkg-bga121n80p11x11_900x900x110b40-pad-g3,f23d3cb2-e180-4d7c-b31f-cf0c641ad449
pkg-bga121n80p11x11_900x900x110b40-pad-g4,189b4d78-6fb9-4bee-adbb-92dbc844b58c
pkg-bga121n80p11x11_900x900x110b40-pad-g5,729e53bb-eade-48aa-a770-a953bed404ff
pkg-bga121n80p11x11_900x900x110b40-pad-g6,ad413034-47e1-45b4-8894-eeab27a5c611
pkg-bga121n80p11x11_900x900x110b40-pad-g7,56f41cdf-19c5-4bac-933d-e224079affa9
pkg-bga121n80p11x11_900x900x110b40-pad-g8,cf620555-e910-4323-ab3f-47a1864f1bc6
pkg-bga121n80p11x11_900x900x110b40-pad-g9,44866c7b-4367-43da-b88a-d7bd54f1d3fb
pkg-bga121n80p11x11_900x900x110b40-pad-h1,037699dd-596e-4dfc-ae3d-6c2743657762
pkg-bga121n80p11x11_900x900x110b40-pad-h10,6799012a-6177-4cf3-84cc-591b5fe9605c
pkg-bga121n80p11x11_900x900x110b40-pad-h11,e9eb85ba-b575-46f6-96bf-a912b62ae51b
pkg-bga121n80p11x11_900x900x110b40-pad-h2,207200fa-0fd7-43de-a024-ac17e88c51f6
pkg-bga121n80p11x11_900x900x110b40-pad-h3,d07da457-1d71-4378-b36c-e0b14787485b
pkg-bga121n80p11x11_900x900x110b40-pad-h4,46135cb6-af02-456d-abc1-fdd0341a0b1e
pkg-bga121n80p11x11_900x900x110b40-pad-h5,0706981c-a916-4e60-89e2-7c3148ce2ff0
pkg-bga121n80p11x11_900x900x110b40-pad-h6,67aa8d25-460a-4668-b480-b89e88aa37cd
pkg-bga121n80p11x11_900x900x110b40-pad-h7,a1b38f82-e9e8-4c7b-a482-7ef0a49f51df
pkg-bga121n80p11x11_900x900x110b40-pad-h8,fd3977e4-3f27-43fd-b1de-c595cc938cd4
pkg-bga121n80p11x11_900x900x110b40-pad-h9,748e2eb5-fbac-4b13-bbc8-a5875fdea9af
pkg-bga121n80p11x11_900x900x110b40-pad-j1,f11d264e-7445-4aef-8c12-9110a0cc4e0a
pkg-bga121n80p11x11_900x900x110b40-pad-j10,d3319950-551b-41bb-8679-534f9e4e7496
pkg-bga121n80p11x11_900x900x110b40-pad-j11,f22b3962-83b9-487c-93a4-dfb61e67dce6
pkg-bga121n80p11x11_900x900x110b40-pad-j2,09b34c02-7f79-4c80-ac42-359ed1eb80b6
pkg-bga121n80p11x11_900x900x110b40-pad-j3,d9f1dfef-6e6e-4fc4-baf6-bfd058ee2e73
pkg-bga121n80p11x11_900x900x110b40-pad-j4,cb02b5f8-5f30-4c17-81df-195b5d252dd3
pkg-bga121n80p11x11_900x900x110b40-pad-j5,3c415517-5b3d-40be-8a95-6a4bd3c5b966
pkg-bga121n80p11x11_900x900x110b40-pad-j6,53f4819f-d1a8-4274-ae1a-0f496df589b9
pkg-bga121n80p11x11_900x900x110b40-pad-j7,1582bb8a-b2fe-44b3-99a5-b8ed0e222cca
pkg-bga121n80p11x11_900x900x110b40-pad-j8,b603bf55-aa9c-4c57-974e-6e712ee00fb2
pkg-bga121n80p11x11_900x900x110b40-pad-j9,c2875234-5504-40b2-928d-9f9d3091c507
pkg-bga121n80p11x11_900x900x110b40-pad-k1,801fac81-a7d1-4fad-8872-10eeddd518e5
pkg-bga121n80p11x11_900x900x110b40-pad-k10,aec26476-b1c5-4fbf-9f28-f3dc5fe19a61
pkg-bga121n80p11x11_900x900x110b40-pad-k11,33b77bfc-2bae-41e4-9bbd-0e635359682e
pkg-bga121n80p11x11_900x900x110b40-pad-k2,c493fa6b-eedd-4c81-b980-513d140881c4
pkg-bga121n80p11x11_900x900x110b40-pad-k3,66f5146d-ea19-4b7a-8f1d-38dfc0bcc4a6
pkg-bga121n80p11x11_900x900x110b40-pad-k4,ffd64e72-68c4-41a8-80b7-8ce51425021c
pkg-bga121n80p11x11_900x900x110b40-pad-k5,e88593d7-3c9a-4509-8026-6da2e0db41c6
pkg-bga121n80p11x11_900x900x110b40-pad-k6,f2e70aa0-e3ee-4a76-ab42-efb7d4501d46
pkg-bga121n80p11x11_900x900x110b40-pad-k7,2ca765a7-aa77-4a78-978b-ddf777dd14d6
pkg-bga121n80p11x11_900x900x110b40-pad-k8,9587d93d-07aa-4f8a-909f-d2a70f8f06db
pkg-bga121n80p11x11_900x900x110b40-pad-k9,6d7bbbfa-985a-4fd1-9e41-891162928a1f
pkg-bga121n80p11x11_900x900x110b40-pad-l1,f5e903c6-18ac-481f-aa0b-d0c77f7acec4
pkg-bga121n80p11x11_900x900x110b40-pad-l10,85c87e21-aeff-4aa8-aae5-d1151e4ec683
pkg-bga121n80p11x11_900x900x110b40-pad-l11,e3069f26-af17-4a33-abdc-6d1f3c6bae07
pkg-bga121n80p11x11_900x900x110b40-pad-l2,52e7ba7b-6521-40e7-ad47-907fb38d0865
pkg-bga121n80p11x11_900x900x110b40-pad-l3,9d1ddf7a-caed-423b-84c1-b53e6e80179c
pkg-bga121n80p11x11_900x900x110b40-pad-l4,be9db11c-ed27-47c0-9244-b3457a5ae836
pkg-bga121n80p11x11_900x900x110b40-pad-l5,b5ba1ec8-38fd-4961-96a3-3be8b1528f0b
pkg-bga121n80p11x11_900x900x110b40-pad-l6,095f60c5-d4ca-4eab-9a40-24bab748074b
pkg-bga121n80p11x11_900x900x110b40-pad-l7,bd46fb43-b5b5-47e2-ab61-23e00c21f851
pkg-bga121n80p11x11_900x900x110b40-pad-l8,ace376e3-bdf4-42c0-9fa8-e69d5ae83f9b
pkg-bga121n80p11x11_900x900x110b40-pad-l9,f6332b01-01fc-45ef-b27a-1deb83b81283
pkg-bga121n80p11x11_900x900x110b40-pkg,c1d45142-54ea-4191-bff3-9d2e6d85a742
pkg-bga121n80p11x11_900x900x110b40-polygon-courtyard-density~b,6b171cde-d7ed-4544-9c3a-02c63a21b635
pkg-bga121n80p11x11_900x900x110b40-polygon-outline-density~b,f7388637-354e-4179-b17b-e64d4f022c3e
pkg-bga121n80p11x11_900x900x110b40-polygon-silkscreen-density~b,5693bb94-f3c5-47fc-b739-e313a603571d
pkg-bga121n80p11x11_900x900x110b40-polygon-silkscreen2-density~b,f897261f-3e16-4d94-b6b8-b316ce2f72e3
pkg-bga121n80p11x11_900x900x110b40-text-name-density~b,ab4e1476-66b5-49d4-a331-ffd38e7b6e70
pkg-bga121n80p11x11_900x900x110b40-text-value-density~b,40747236-9821-48d4-b62a-e036c84d8145
pkg-bga225n40p15x15_700x700x100b25-footprint-density~b,9b8bbc5d-39ae-425c-b7b2-ff057056f9ee
pkg-bga225n40p15x15_700x700x100b25-pad-a1,2b876d4a-aad6-4a10-a9a7-0d9b7251a637
pkg-bga225n40p15x15_700x700x100b25-pad-a10,7e97f9b1-86fa-4200-a560-13d014eac76f
pkg-bga225n40p15x15_700x700x100b25-pad-a11,74044806-e570-49c1-8e63-9b1204ff9bfa
pkg-bga225n40p15x15_700x700x100b25-pad-a12,d3c9267d-435c-4cc5-86e2-1a2b7be013d7
pkg-bga225n40p15x15_700x700x100b25-pad-a13,6cb04e42-f117-4416-a611-4c5bc0061c7e
pkg-bga225n40p15x15_700x700x100b25-pad-a14,ff2efac4-8864-4308-8147-de32d2d9a4d5
pkg-bga225n40p15x15_700x700x100b25-pad-a15,0135b6bc-5ae9-4c50-9b65-86ad95c28e55
pkg-bga225n40p15x15_700x700x100b25-pad-a2,5311e2b3-e783-4194-9fce-4408a0b466b0
pkg-bga225n40p15x15_700x700x100b25-pad-a3,4d83e624-cc85-404a-b112-a730995c9f86
pkg-bga225n40p15x15_700x700x100b25-pad-a4,d03e8410-5a4a-4d90-a61d-b46c5df206e5
pkg-bga225n40p15x15_700x700x100b25-pad-a5,89af633d-fecf-46c3-964b-fe29276e10ad
pkg-bga225n40p15x15_700x700x100b25-pad-a6,f35b36fc-f57f-430c-b75a-b1001d01deb3
pkg-bga225n40p15x15_700x700x100b25-pad-a7,606c91e9-2608-48cf-8f0b-d47408c7d4d8
pkg-bga225n40p15x15_700x700x100b25-pad-a8,e2561f31-8a36-45e1-917a-b70529f0254b
pkg-bga225n40p15x15_700x700x100b25-pad-a9,66434ca6-3aa3-4897-a5f3-8da0b4a75526
pkg-bga225n40p15x15_700x700x100b25-pad-b1,3fa341ce-633e-4567-95f3-e06498edeaa9
pkg-bga225n40p15x15_700x700x100b25-pad-b10,162ebf6b-da88-4786-aa98-974f827bc951
pkg-bga225n40p15x15_700x700x100b25-pad-b11,bb583415-3e57-415e-829d-57a0b1b78fa0
pkg-bga225n40p15x15_700x700x100b25-pad-b12,1caf249d-9874-4606-9ec1-7022e1a69342
pkg-bga225n40p15x15_700x700x100b25-pad-b13,5877517f-0571-4891-8348-27a02316de69
pkg-bga225n40p15x15_700x700x100b25-pad-b14,d1446a33-fbc6-4d57-89c7-52f6b7ed1666
pkg-bga225n40p15x15_700x700x100b25-pad-b15,e6f5a4be-2776-41c2-990e-9363adb000b0
pkg-bga225n40p15x15_700x700x100b25-pad-b2,12be4d07-3a6d-47fa-99ed-b7791a5d957a
pkg-bga225n40p15x15_700x700x100b25-pad-b3,e12882cc-2999-4e98-82a9-075e6063f4b0
pkg-bga225n40p15x15_700x700x100b25-pad-b4,d422311c-1f6c-4601-9413-0f2b7886dc4e
pkg-bga225n40p15x15_700x700x100b25-pad-b5,4d13c963-e93e-4a44-b06e-5cb4fbdfcf05
pkg-bga225n40p15x15_700x700x100b25-pad-b6,8aa1f215-f935-4e4f-be7a-1e4bb59e5326
pkg-bga225n40p15x15_700x700x100b25-pad-b7,61b07f03-e201-42c1-a8b5-b92926bf18ab
pkg-bga225n40p15x15_700x700x100b25-pad-b8,def84a86-1d8c-45ef-acb4-2c1a3fe55b94
pkg-bga225n40p15x15_700x700x100b25-pad-b9,f6fd89ca-72ce-4086-aa1f-e2275e6b5391
pkg-bga225n40p15x15_700x700x100b25-pad-c1,17e97901-66ca-4a5f-8673-9fd836387cc1
pkg-bga225n40p15x15_700x700x100b25-pad-c10,004d5504-76c8-47ea-b1ad-24b337c482c7
pkg-bga225n40p15x15_700x700x100b25-pad-c11,b912ed07-2b9b-4d05-9d72-bda7f3d0efcf
pkg-bga225n40p15x15_700x700x100b25-pad-c12,74669f6e-62fd-4470-891f-f24ceb23c573
pkg-bga225n40p15x15_700x700x100b25-pad-c13,9e6f157e-6b81-4051-87de-3fc60f350d98
pkg-bga225n40p15x15_700x700x100b25-pad-c14,e494aa1e-90df-4e20-b41c-e8f3f2ebe4c2
pkg-bga225n40p15x15_700x700x100b25-pad-c15,7ba754cd-c826-4fba-8e7e-f4ce37e3d9ee
pkg-bga225n40p15x15_700x700x100b25-pad-c2,5146db62-e116-4f22-bc83-3a48e299e5e7
pkg-bga225n40p15x15_700x700x100b25-pad-c3,5f8bb550-1e68-4052-9bc8-efe0b59bdc81
pkg-bga225n40p15x15_700x700x100b25-pad-c4,beec18b1-9e9e-44c6-94f9-7e277a8b0174
pkg-bga225n40p15x15_700x700x100b25-pad-c5,e33e1ba6-e862-4811-bd50-03a2f68124ac
pkg-bga225n40p15x15_700x700x100b25-pad-c6,a5ebb9d9-42da-4ca1-82e5-1c2b0128d4e8
pkg-bga225n40p15x15_700x700x100b25-pad-c7,9ec362e2-aedb-425e-8ce3-01cfc953b17b
pkg-bga225n40p15x15_700x700x100b25-pad-c8,072dc41f-e2a9-4b6a-a7cb-d0f9585f1574
pkg-bga225n40p15x15_700x700x100b25-pad-c9,bd432ac2-7850-4ddf-b28f-d215d718bfdc
pkg-bga225n40p15x15_700x700x100b25-pad-d1,b1ae0623-0a58-4b58-9b08-d5738304d05e
pkg-bga225n40p15x15_700x700x100b25-pad-d10,01769d74-1cbd-4a2c-b2fa-cdf765076a0a
pkg-bga225n40p15x15_700x700x100b25-pad-d11,789e0a60-0c50-438c-8762-de9df2adbc83
pkg-bga225n40p15x15_700x700x100b25-pad-d12,b0f34428-f830-4836-b496-4658e3056d7d
pkg-bga225n40p15x15_700x700x100b25-pad-d13,72d1dd25-4d09-4567-93f4-1fa323229db5
pkg-bga225n40p15x15_700x700x100b25-pad-d14,38c09417-89d1-49b3-957a-d97f6209aa8c
pkg-bga225n40p15x15_700x700x100b25-pad-d15,025815bc-53f2-4fbe-bff3-d9cde0805ed0
pkg-bga225n40p15x15_700x700x100b25-pad-d2,45d31b13-922a-46ce-aeb4-b6c22f1c9488
pkg-bga225n40p15x15_700x700x100b25-pad-d3,1787fc53-3171-46e8-9320-9d3143cd0efe
pkg-bga225n40p15x15_700x700x100b25-pad-d4,b4ae4953-89c0-4f27-8fa0-f64524594be4
pkg-bga225n40p15x15_700x700x100b25-pad-d5,22c927f3-9ef0-457d-b759-3fab1e76ef34
pkg-bga225n40p15x15_700x700x100b25-pad-d6,eba824d4-7877-4854-8c62-532e8224841e
pkg-bga225n40p15x15_700x700x100b25-pad-d7,16487304-5b4c-4ebb-bac7-efbbc0649fed
pkg-bga225n40p15x15_700x700x100b25-pad-d8,03f5e02d-6899-425d-8843-375cf318b83a
pkg-bga225n40p15x15_700x700x100b25-pad-d9,d4d23c56-3acb-48e0-9fe9-9f3957d794e3
pkg-bga225n40p15x15_700x700x100b25-pad-e1,df057a51-13f0-495f-b75e-42f2fac0606a
pkg-bga225n40p15x15_700x700x100b25-pad-e10,f257a870-c164-44ca-a194-584c72ac126e
pkg-bga225n40p15x15_700x700x100b25-pad-e11,5db96d46-d81a-4af2-8056-8b2d4eeb6775
pkg-bga225n40p15x15_700x700x100b25-pad-e12,94aa942d-a42f-447f-be93-b45f4195f718
pkg-bga225n40p15x15_700x700x100b25-pad-e13,57c542c4-f49d-4f64-8626-d89d181abad7
pkg-bga225n40p15x15_700x700x100b25-pad-e14,9717a975-295d-4790-baaa-b560291f391f
pkg-bga225n40p15x15_700x700x100b25-pad-e15,1d04a633-1eca-4971-a78a-722d791f6592
pkg-bga225n40p15x15_700x700x100b25-pad-e2,5717c1d3-902b-4aad-be0e-8524054c3513
pkg-bga225n40p15x15_700x700x100b25-pad-e3,a1144203-393c-45d6-80cd-94fab8d59ea4
pkg-bga225n40p15x15_700x700x100b25-pad-e4,6e8ef2d3-0b9b-4854-bc01-7272f3411235
pkg-bga225n40p15x15_700x700x100b25-pad-e5,dc180fd7-bd0f-4de0-8109-a1e5aaf1aaae
pkg-bga225n40p15x15_700x700x100b25-pad-e6,1b6547cf-ebe7-4b96-bc23-632597917d29
pkg-bga225n40p15x15_700x700x100b25-pad-e7,96da1c0f-07a5-4427-86f2-61f278e00c67
pkg-bga225n40p15x15_700x700x100b25-pad-e8,f9d8b5e9-942e-4608-b678-5d12ed4ac579
pkg-bga225n40p15x15_700x700x100b25-pad-e9,8de454ac-9a2e-4f6f-8141-fe7abe703659
pkg-bga225n40p15x15_700x700x100b25-pad-f1,772bca55-9b4d-4494-bf33-20b50c1a57f6
pkg-bga225n40p15x15_700x700x100b25-pad-f10,6cb82281-f718-42a6-88e5-36324af6d940
pkg-bga225n40p15x15_700x700x100b25-pad-f11,9420e7ef-e41d-44a9-82d8-7c9d99a3dc3d
pkg-bga225n40p15x15_700x700x100b25-pad-f12,6edbf431-7ade-4783-a45c-5f50b1dd8110
pkg-bga225n40p15x15_700x700x100b25-pad-f13,05fddc72-4c9f-40b7-a25c-c09636b0b85a
pkg-bga225n40p15x15_700x700x100b25-pad-f14,b66bd2e3-adf4-4a64-96c8-71d4761d5648
pkg-bga225n40p15x15_700x700x100b25-pad-f15,6652908c-bd95-49ea-b374-49f6459b882a
pkg-bga225n40p15x15_700x700x100b25-pad-f2,653e9fda-57ac-4834-8bef-de1d6f08330d
pkg-bga225n40p15x15_700x700x100b25-pad-f3,30806485-96fd-4dc5-a90e-4513369cab1b
pkg-bga225n40p15x15_700x700x100b25-pad-f4,3dc4853a-5b77-4769-91c3-7d2c8de0eefd
pkg-bga225n40p15x15_700x700x100b25-pad-f5,0e8cea32-5344-46c9-b107-b7f4a8714452
pkg-bga225n40p15x15_700x700x100b25-pad-f6,8b974be1-1677-4bfc-9452-b8d97662cc68
pkg-bga225n40p15x15_700x700x100b25-pad-f7,65cfada8-8818-4802-9d65-a3be81c91989
pkg-bga225n40p15x15_700x700x100b25-pad-f8,768b88b7-6406-40ef-ae66-5e4a9b317611
pkg-bga225n40p15x15_700x700x100b25-pad-f9,6b276fda-0b5e-45dc-8631-160ff81d4543
pkg-bga225n40p15x15_700x700x100b25-pad-g1,c2c82e64-43a9-48dc-b259-d0b046a181be
pkg-bga225n40p15x15_700x700x100b25-pad-g10,4d23d7c7-507b-425b-8c50-f7171857a4cd
pkg-bga225n40p15x15_700x700x100b25-pad-g11,de0eecb1-cbd0-436a-9278-42f865f55800
pkg-bga225n40p15x15_700x700x100b25-pad-g12,38a7c985-ca4c-4b9c-8dde-7c13ba990f00
pkg-bga225n40p15x15_700x700x100b25-pad-g13,56088858-bea6-495d-a1e5-b7b39823c527
pkg-bga225n40p15x15_700x700x100b25-pad-g14,9b6ada69-5fa8-4379-a449-83fbaef02a1f
pkg-bga225n40p15x15_700x700x100b25-pad-g15,6902eb54-0d6f-4ebb-884f-f69c94989bca
pkg-bga225n40p15x15_700x700x100b25-pad-g2,f1cc1a4b-b546-410a-8088-c4f75a513075
pkg-bga225n40p15x15_700x700x100b25-pad-g3,2b2d7288-8cb1-4d35-b891-7d754a83100e
pkg-bga225n40p15x15_700x700x100b25-pad-g4,c56c290b-81fd-4223-962a-38138f592be5
pkg-bga225n40p15x15_700x700x100b25-pad-g5,6d6cf1c2-2b1c-420c-8c2b-998098dff2e5
pkg-bga225n40p15x15_700x700x100b25-pad-g6,df96d16d-05f1-4b02-ae9d-19ae7f519f0a
pkg-bga225n40p15x15_700x700x100b25-pad-g7,2c2556d1-4e1f-4897-a4ef-7872971ebf5f
pkg-bga225n40p15x15_700x700x100b25-pad-g8,1209b08a-803d-4445-8090-6f5e97145077
pkg-bga225n40p15x15_700x700x100b25-pad-g9,5cd5f151-0d24-4e63-a26c-a313fef04163
pkg-bga225n40p15x15_700x700x100b25-pad-h1,c8c95b84-4d1b-4405-9149-41d4186fc3a3
pkg-bga225n40p15x15_700x700x100b25-pad-h10,e56d7566-a926-4480-8347-6706141ce743
pkg-bga225n40p15x15_700x700x100b25-pad-h11,64d6f753-f27e-425b-9788-c2ffe984a8cf
pkg-bga225n40p15x15_700x700x100b25-pad-h12,f0c22977-629b-45d9-985b-64c77093c6d0
pkg-bga225n40p15x15_700x700x100b25-pad-h13,7affcc59-61bc-45de-b6b8-8fae80ec3d14
pkg-bga225n40p15x15_700x700x100b25-pad-h14,57d5c9b9-8031-4c4f-88bd-132815f1b1f6
pkg-bga225n40p15x15_700x700x100b25-pad-h15,2ff12804-d74b-4ab1-b386-7492ff3958ac
pkg-bga225n40p15x15_700x700x100b25-pad-h2,221afa00-35fb-439b-8ac8-892d3db005a3
pkg-bga225n40p15x15_700x700x100b25-pad-h3,67274511-51fd-4975-ae9d-fe8bdb8bda2e
pkg-bga225n40p15x15_700x700x100b25-pad-h4,151d87cb-202f-4a97-aa16-3f90dacb6bf4
pkg-bga225n40p15x15_700x700x100b25-pad-h5,f0ba449a-b550-4c3b-b84b-f56f6d9d476d
pkg-bga225n40p15x15_700x700x100b25-pad-h6,4f12360a-5350-4874-bc77-dc4e63af3134
pkg-bga225n40p15x15_700x700x100b25-pad-h7,03014ac3-8640-4df9-8a9c-20580da53ecc
pkg-bga225n40p15x15_700x700x100b25-pad-h8,15242ea5-a122-4361-9cc4-e45a6ca38f7d
pkg-bga225n40p15x15_700x700x100b25-pad-h9,6f3b9615-cc20-4727-88c4-74ffc230ce46
pkg-bga225n40p15x15_700x700x100b25-pad-j1,1c08fbd6-4974-489d-8ec5-f844db5068eb
pkg-bga225n40p15x15_700x700x100b25-pad-j10,b88c164a-10f1-4dec-8e62-2f0a11ca54da
pkg-bga225n40p15x15_700x700x100b25-pad-j11,6178a4f7-5ff0-432c-9236-807633dcd095
pkg-bga225n40p15x15_700x700x100b25-pad-j12,8ef7599e-b358-4ab5-a693-6b4994d99c05
pkg-bga225n40p15x15_700x700x100b25-pad-j13,fbad0457-99ed-4f5a-95b3-9865e9bf20d6
pkg-bga225n40p15x15_700x700x100b25-pad-j14,8cd76945-c208-40a0-96ca-198f662e0f2f
pkg-bga225n40p15x15_700x700x100b25-pad-j15,75187b36-d3d4-4677-9e9d-5652b1c27c31
pkg-bga225n40p15x15_700x700x100b25-pad-j2,0a20c148-2dd1-4c47-a1f7-ffab803220b3
pkg-bga225n40p15x15_700x700x100b25-pad-j3,839bed53-ee73-4400-b488-8b09af3fcaf7
pkg-bga225n40p15x15_700x700x100b25-pad-j4,14ad6e45-5358-4da7-a2ff-c904e72be9bb
pkg-bga225n40p15x15_700x700x100b25-pad-j5,513c98f6-c7eb-4037-91cf-2ca275547b6b
pkg-bga225n40p15x15_700x700x100b25-pad-j6,fd4274c8-5f3e-42c6-a4d3-e502558e1631
pkg-bga225n40p15x15_700x700x100b25-pad-j7,815edb27-2300-41d5-b282-489266362b7a
pkg-bga225n40p15x15_700x700x100b25-pad-j8,d7d5b8d8-685c-453a-b04b-1db1441c5026
pkg-bga225n40p15x15_700x700x100b25-pad-j9,0415397c-4078-48ed-b383-ec3226347a88
pkg-bga225n40p15x15_700x700x100b25-pad-k1,ed3dfde3-dbae-46f4-8eb1-53d5eca4961f
pkg-bga225n40p15x15_700x700x100b25-pad-k10,ef19f785-e96f-479c-85e9-545e94e6c3dc
pkg-bga225n40p15x15_700x700x100b25-pad-k11,2a4bd2a0-2abc-464e-9d3c-564ffcb40138
pkg-bga225n40p15x15_700x700x100b25-pad-k12,bf4cbe48-c090-4ce9-8825-d3adf9c5fa0c
pkg-bga225n40p15x15_700x700x100b25-pad-k13,811c5f6f-f290-47e6-b33d-25d00a1d6fde
pkg-bga225n40p15x15_700x700x100b25-pad-k14,ed38368f-b572-4cc3-be24-4937c16f2c7f
pkg-bga225n40p15x15_700x700x100b25-pad-k15,44333ffd-8a1a-40bb-b6ad-0a5cabbebfcf
pkg-bga225n40p15x15_700x700x100b25-pad-k2,864ff10a-b3c9-4240-9c37-e3bc607884e9
pkg-bga225n40p15x15_700x700x100b25-pad-k3,6d148013-ec27-4367-a17b-199fa47f34cc
pkg-bga225n40p15x15_700x700x100b25-pad-k4,6e35e51c-a138-48cb-b237-28b13186f962
pkg-bga225n40p15x15_700x700x100b25-pad-k5,627dc78f-58d0-46c6-8db7-550252d625e2
pkg-bga225n40p15x15_700x700x100b25-pad-k6,8d6134f3-8fc6-4880-89fb-c577c0291a4f
pkg-bga225n40p15x15_700x700x100b25-pad-k7,a268b50a-6dd6-4732-8e7b-9f5dcceb1007
pkg-bga225n40p15x15_700x700x100b25-pad-k8,b43a9411-28b6-4eba-adfb-07c30c9854bd
pkg-bga225n40p15x15_700x700x100b25-pad-k9,c44271d3-6c32-4a04-87c2-539e1193166d
pkg-bga225n40p15x15_700x700x100b25-pad-l1,6c36b05e-1cf9-42cf-b01d-abbf5ce96af2
pkg-bga225n40p15x15_700x700x100b25-pad-l10,1f08a12d-7aeb-4a37-9d23-df8272398912
pkg-bga225n40p15x15_700x700x100b25-pad-l11,c9023774-61b0-4910-9771-74fdd18be840
pkg-bga225n40p15x15_700x700x100b25-pad-l12,eefdc999-0d29-441f-8895-348778e4fbc2
pkg-bga225n40p15x15_700x700x100b25-pad-l13,11fb2458-6097-4a9f-97f1-947e43d69a9c
pkg-bga225n40p15x15_700x700x100b25-pad-l14,69c21a64-caa5-48eb-a0a4-0bb84b926e90
pkg-bga225n40p15x15_700x700x100b25-pad-l15,5dac2be3-847f-4d53-91f1-f320cdb99b0f
pkg-bga225n40p15x15_700x700x100b25-pad-l2,ea0c97c7-b0cf-4525-93b0-f76565bac189
pkg-bga225n40p15x15_700x700x100b25-pad-l3,5dd6682f-2a6d-4713-b3a4-8a5f0a3cb9b2
pkg-bga225n40p15x15_700x700x100b25-pad-l4,237d464b-b050-4207-ac7f-bf7a4d5c4353
pkg-bga225n40p15x15_700x700x100b25-pad-l5,bb2e4984-bdd8-4a56-9e0c-5f97f603735c
pkg-bga225n40p15x15_700x700x100b25-pad-l6,9f0c8a0e-520b-4933-9fbb-55b02e517148
pkg-bga225n40p15x15_700x700x100b25-pad-l7,32597bc8-2d26-4bde-ad90-fbe97915fb2d
pkg-bga225n40p15x15_700x700x100b25-pad-l8,3247ab38-db47-43ba-8a43-08ac1a42c777
pkg-bga225n40p15x15_700x700x100b25-pad-l9,4430fac5-f66e-4947-af26-4e69e7fef1e8
pkg-bga225n40p15x15_700x700x100b25-pad-m1,3f36fd36-b8cf-494a-b5eb-cc7bc7865c1a
pkg-bga225n40p15x15_700x700x100b25-pad-m10,c4c3540b-13c5-459c-9cee-a4ba5be1257e
pkg-bga225n40p15x15_700x700x100b25-pad-m11,a7a50f13-b556-4356-a2a5-bac17f2a7bf1
pkg-bga225n40p15x15_700x700x100b25-pad-m12,017f9989-2ca4-4347-a17a-764dda52bd0b
pkg-bga225n40p15x15_700x700x100b25-pad-m13,1b274e86-150e-46bf-b5cd-c28864c4e7f9
pkg-bga225n40p15x15_700x700x100b25-pad-m14,99213dc0-91cd-436a-a378-a1d35c783e6c
pkg-bga225n40p15x15_700x700x100b25-pad-m15,0e240f35-1af1-437d-a40f-900fc5c5aae1
pkg-bga225n40p15x15_700x700x100b25-pad-m2,e8e5e1cd-f5db-4cec-b0a5-7fae4803be8c
pkg-bga225n40p15x15_700x700x100b25-pad-m3,5e76d607-6869-443f-af23-d65b2ee802cd
pkg-bga225n40p15x15_700x700x100b25-pad-m4,def579be-0656-45cd-8669-bcf0b479c299
pkg-bga225n40p15x15_700x700x100b25-pad-m5,5cc4d231-a116-4ca1-b4de-4309616b0bce
pkg-bga225n40p15x15_700x700x100b25-pad-m6,3d421bb4-8365-48f8-a566-c02d5460dcad
pkg-bga225n40p15x15_700x700x100b25-pad-m7,b99bee69-4144-4736-ac57-3018cf386a0b
pkg-bga225n40p15x15_700x700x100b25-pad-m8,a2b2529b-07bf-46fd-8484-795a92d7f767
pkg-bga225n40p15x15_700x700x100b25-pad-m9,a28f1d45-d703-4337-8ec1-7c63cc7be3dc
pkg-bga225n40p15x15_700x700x100b25-pad-n1,4827c61e-a980-4e40-bd61-d3e3579316d5
pkg-bga225n40p15x15_700x700x100b25-pad-n10,19b6c7c4-bccb-4793-a631-18d3de5bc13b
pkg-bga225n40p15x15_700x700x100b25-pad-n11,a03a609b-9633-4fc6-b323-74e7db44f06c
pkg-bga225n40p15x15_700x700x100b25-pad-n12,c95ce745-31ca-4e2a-a807-49a04c095c4e
pkg-bga225n40p15x15_700x700x100b25-pad-n13,719d9dc4-8609-472b-ac83-ffb143326cc1
pkg-bga225n40p15x15_700x700x100b25-pad-n14,8995ede7-92b1-43bd-b8c8-c4c8153944d2
pkg-bga225n40p15x15_700x700x100b25-pad-n15,a8f0bd98-b999-47f6-980d-4a80d6067ff8
pkg-bga225n40p15x15_700x700x100b25-pad-n2,6075035f-bc7e-49e7-bac8-dd2db296f170
pkg-bga225n40p15x15_700x700x100b25-pad-n3,b3b551da-7fdc-4dd7-b51a-76ee6ab0d674
pkg-bga225n40p15x15_700x700x100b25-pad-n4,08d6aa7d-e95c-4a3a-936d-b978ab31aee3
pkg-bga225n40p15x15_700x700x100b25-pad-n5,cad8630d-8fab-42d2-a122-9d202a985887
pkg-bga225n40p15x15_700x700x100b25-pad-n6,8971eab7-a2ff-43c8-bb70-2f6747e355bb
pkg-bga225n40p15x15_700x700x100b25-pad-n7,1cee3534-2b1c-44ab-9eb4-f8fb74e3e5c9
pkg-bga225n40p15x15_700x700x100b25-pad-n8,34b9f8a8-e715-49f6-b0ee-34fff6187e0f
pkg-bga225n40p15x15_700x700x100b25-pad-n9,37de9b44-3151-420c-84b2-ff20611aae33
pkg-bga225n40p15x15_700x700x100b25-pad-p1,3996e48e-c499-425f-943b-a124c6330260
pkg-bga225n40p15x15_700x700x100b25-pad-p10,a845d847-cf3f-4f0d-b312-3e040bea0b77
pkg-bga225n40p15x15_700x700x100b25-pad-p11,2bea7a55-53a3-4a12-9000-1147e9f4116d
pkg-bga225n40p15x15_700x700x100b25-pad-p12,f6dec0e2-358d-48f0-a8be-ebb58a681767
pkg-bga225n40p15x15_700x700x100b25-pad-p13,9a4c8f97-a344-466f-95c8-072941ea74ff
pkg-bga225n40p15x15_700x700x100b25-pad-p14,e3766444-227f-427f-9f25-15c586b3dd4e
pkg-bga225n40p15x15_700x700x100b25-pad-p15,5cf09b98-3257-4519-862c-1e1f7b3da4d9
pkg-bga225n40p15x15_700x700x100b25-pad-p2,b6783d3d-5020-4e5d-8e19-732d733c877d
pkg-bga225n40p15x15_700x700x100b25-pad-p3,64158cf7-2cec-401e-ba24-0118f770b6ab
pkg-bga225n40p15x15_700x700x100b25-pad-p4,1fa3d621-8e77-4ac5-bfe0-f30e917cf796
pkg-bga225n40p15x15_700x700x100b25-pad-p5,1a22f0db-086e-4772-b27f-736f69e343a7
pkg-bga225n40p15x15_700x700x100b25-pad-p6,2ff8ce83-756f-4b87-bbb3-a7bf374598f8
pkg-bga225n40p15x15_700x700x100b25-pad-p7,d6e938da-1e85-4fe2-a144-ee372e17e502
pkg-bga225n40p15x15_700x700x100b25-pad-p8,3e18e863-6339-44d5-901a-b6ab670bbc24
pkg-bga225n40p15x15_700x700x100b25-pad-p9,06c2b888-d14f-46a8-b0e1-592a8580e887
pkg-bga225n40p15x15_700x700x100b25-pad-r1,873cc10e-63c9-45ea-b113-263b1b283e2d
pkg-bga225n40p15x15_700x700x100b25-pad-r10,caa1d981-b6f0-4b9b-8986-cf1fe4118ac4
pkg-bga225n40p15x15_700x700x100b25-pad-r11,22c77adc-8e9f-434b-b8bd-1c61b1541738
pkg-bga225n40p15x15_700x700x100b25-pad-r12,4a64ec27-319d-489e-94f7-0ba0ebcec1b8
pkg-bga225n40p15x15_700x700x100b25-pad-r13,4befb9d0-98c6-48a0-aa20-60cc5fe0971c
pkg-bga225n40p15x15_700x700x100b25-pad-r14,9b214524-e46d-4da4-a9ef-dd97b332ed0a
pkg-bga225n40p15x15_700x700x100b25-pad-r15,8f5f6c0a-06e8-4dfe-98b8-1b83abdecbdd
pkg-bga225n40p15x15_700x700x100b25-pad-r2,d53f12ca-97d1-4785-b048-05d0b7b8946a
pkg-bga225n40p15x15_700x700x100b25-pad-r3,6463bc2d-7471-440a-9fe6-f3dc1bb491b1
pkg-bga225n40p15x15_700x700x100b25-pad-r4,5c01072e-1df5-4e5a-bfcf-bd5c8c4c4957
pkg-bga225n40p15x15_700x700x100b25-pad-r5,c27eeb2e-4b11-45fc-bd43-82a0d64dd54d
pkg-bga225n40p15x15_700x700x100b25-pad-r6,57b6fa2b-d765-43bd-bf8c-4908216254ed
pkg-bga225n40p15x15_700x700x100b25-pad-r7,d9cf49af-e73f-4c22-a3bc-a84f003aa695
pkg-bga225n40p15x15_700x700x100b25-pad-r8,b35cba22-f167-4b94-b7c9-b98ceb2eeca3
pkg-bga225n40p15x15_700x700x100b25-pad-r9,30b32737-20c1-4e74-b595-8e9c3135269a
pkg-bga225n40p15x15_700x700x100b25-pkg,f5881517-9d0c-4797-b14b-0ec3fea09c02
pkg-bga225n40p15x15_700x700x100b25-polygon-courtyard-density~b,a7317b79-dcc2-4139-a68f-d3d82bdff304
pkg-bga225n40p15x15_700x700x100b25-polygon-outline-density~b,40668d02-3c63-49b0-b865-4ebd56d0dfb7
pkg-bga225n40p15x15_700x700x100b25-polygon-silkscreen-density~b,6b41d61d-d1eb-462b-b828-657dee1daadc
pkg-bga225n40p15x15_700x700x100b25-polygon-silkscreen2-density~b,a1c85269-6337-470c-8856-3299eb87a1fc
pkg-bga225n40p15x15_700x700x100b25-text-name-density~b,a78b052b-79b0-4faf-9a8f-4823d40ced93
pkg-bga225n40p15x15_700x700x100b25-text-value-density~b,1c2242cb-865d-4f4e-9e50-ffad5df6465c
pkg-bga256n80p16x16_1400x1400x170b45-footprint-density~b,4d3dc71a-16ac-47f2-b684-53b1806a1898
pkg-bga256n80p16x16_1400x1400x170b45-pad-a1,a29bf1e8-f174-4043-a408-f4f1e7da2c5e
pkg-bga256n80p16x16_1400x1400x170b45-pad-a10,18585b4e-13e6-4584-8561-cd96b0898617
pkg-bga256n80p16x16_1400x1400x170b45-pad-a11,8f6f38ce-f9c5-42c0-bb27-d9fdc320b899
pkg-bga256n80p16x16_1400x1400x170b45-pad-a12,418fb337-bed2-4945-a725-bf54e18f0570
pkg-bga256n80p16x16_1400x1400x170b45-pad-a13,d261a3df-0eab-438f-bf6d-50b72cdc2953
pkg-bga256n80p16x16_1400x1400x170b45-pad-a14,4499d858-a6fc-430b-8067-1e024ae1024f
pkg-bga256n80p16x16_1400x1400x170b45-pad-a15,601bcad3-bf75-4219-bf35-50d750c069d2
pkg-bga256n80p16x16_1400x1400x170b45-pad-a16,6c9d4953-7153-4691-b574-28d7d0c4f382
pkg-bga256n80p16x16_1400x1400x170b45-pad-a2,77153d9d-8503-446a-b7a8-10ce4a6a6b29
pkg-bga256n80p16x16_1400x1400x170b45-pad-a3,26dd818c-c780-4b93-acb6-02cbe11a9113
pkg-bga256n80p16x16_1400x1400x170b45-pad-a4,6615c53c-a568-4a9d-89a9-15841e12d603
pkg-bga256n80p16x16_1400x1400x170b45-pad-a5,a7a5f1e2-99e5-48e9-8d98-fb98968ca214
pkg-bga256n80p16x16_1400x1400x170b45-pad-a6,51b30e01-135b-4637-8665-5d57e1e36533
pkg-bga256n80p16x16_1400x1400x170b45-pad-a7,86c7e4ac-183a-4755-85a5-06a3aa7e348b
pkg-bga256n80p16x16_1400x1400x170b45-pad-a8,794dce20-ee64-4606-a16a-d076abf3df13
pkg-bga256n80p16x16_1400x1400x170b45-pad-a9,0d4a64ad-7682-43e5-9096-76c2dd963b23
pkg-bga256n80p16x16_1400x1400x170b45-pad-b1,3d1b81d9-2662-44ee-92b6-9d527195442b
pkg-bga256n80p16x16_1400x1400x170b45-pad-b10,fe5715b4-8f5e-4a82-b9a9-47a07b3c1ede
pkg-bga256n80p16x16_1400x1400x170b45-pad-b11,afb724c0-905e-49af-94cc-366f51ac90e4
pkg-bga256n80p16x16_1400x1400x170b45-pad-b12,073a9a0a-1b18-40ba-aa18-74ae9003bda2
pkg-bga256n80p16x16_1400x1400x170b45-pad-b13,3513a627-cf42-4e40-990c-79985ba9f386
pkg-bga256n80p16x16_1400x1400x170b45-pad-b14,e54fa31a-b197-4125-b483-fd95eb4cd892
pkg-bga256n80p16x16_1400x1400x170b45-pad-b15,874accba-322b-43ad-9c75-462609b507ab
pkg-bga256n80p16x16_1400x1400x170b45-pad-b16,a0863a64-20bd-435b-8851-9fb0ab828761
pkg-bga256n80p16x16_1400x1400x170b45-pad-b2,508d04f8-6e8f-43c4-899a-afe0c87b476c
pkg-bga256n80p16x16_1400x1400x170b45-pad-b3,c1c9cd88-b672-4aef-b07c-b32400ce1891
pkg-bga256n80p16x16_1400x1400x170b45-pad-b4,4acfe6ae-5b62-4aae-a24b-05cf891fa6dc
pkg-bga256n80p16x16_1400x1400x170b45-pad-b5,d31a84f0-d848-40bc-bd1f-e05019564d84
pkg-bga256n80p16x16_1400x1400x170b45-pad-b6,5acdf73d-771f-4d63-b7ab-9ca971de09c4
pkg-bga256n80p16x16_1400x1400x170b45-pad-b7,40034640-018a-4084-8b0b-4e546f611027
pkg-bga256n80p16x16_1400x1400x170b45-pad-b8,7a7b3c10-0201-4bc6-999b-d8bd3ead6496
pkg-bga256n80p16x16_1400x1400x170b45-pad-b9,35e2e663-3307-4c91-8a2f-757558a6a0d1
pkg-bga256n80p16x16_1400x1400x170b45-pad-c1,689551d1-93f3-4af5-8a65-2d0cbc2c3c32
pkg-bga256n80p16x16_1400x1400x170b45-pad-c10,f4c8a56b-555b-4873-9114-869ddfcd1581
pkg-bga256n80p16x16_1400x1400x170b45-pad-c11,3352697f-cfed-49e9-bda5-be56cbac416d
pkg-bga256n80p16x16_1400x1400x170b45-pad-c12,8e7c2f59-4f12-4093-b24b-c38a62d3c477
pkg-bga256n80p16x16_1400x1400x170b45-pad-c13,94d3054d-5e5b-45ea-adff-76b033e9feb5
pkg-bga256n80p16x16_1400x1400x170b45-pad-c14,9928fced-e4e2-47b7-bb3a-4cd877cfbcae
pkg-bga256n80p16x16_1400x1400x170b45-pad-c15,32d04306-d89d-4be8-bcd2-967922f7a626
pkg-bga256n80p16x16_1400x1400x170b45-pad-c16,16c1ff35-edf4-49a2-b9f2-aa5c2b0e8668
pkg-bga256n80p16x16_1400x1400x170b45-pad-c2,2ca32018-7a7d-47a9-9ee3-e97797e8866f
pkg-bga256n80p16x16_1400x1400x170b45-pad-c3,27714fd6-7aa4-4826-933c-13645d85a1a1
pkg-bga256n80p16x16_1400x1400x170b45-pad-c4,bf430a4d-36cf-4fd5-b9b3-aa7a541e3405
pkg-bga256n80p16x16_1400x1400x170b45-pad-c5,29144673-f766-46d2-9590-0e5197f8c447
pkg-bga256n80p16x16_1400x1400x170b45-pad-c6,75e47309-5878-4c33-bc1c-f959eaed3ade
pkg-bga256n80p16x16_1400x1400x170b45-pad-c7,737160c6-1220-49b3-ad49-ff81f3b6ad53
pkg-bga256n80p16x16_1400x1400x170b45-pad-c8,32d24de1-19c7-45ca-be8f-a109e9efda6b
pkg-bga256n80p16x16_1400x1400x170b45-pad-c9,43389dac-4614-42ca-afbd-62aad842f32f
pkg-bga256n80p16x16_1400x1400x170b45-pad-d1,fd906dd0-6314-454b-8bc6-41d5bec12952
pkg-bga256n80p16x16_1400x1400x170b45-pad-d10,d2bfa859-987a-4e22-96da-086840e695ca
pkg-bga256n80p16x16_1400x1400x170b45-pad-d11,91a76172-3028-4a66-8c05-7e51e8de58e8
pkg-bga256n80p16x16_1400x1400x170b45-pad-d12,a1cd61ae-7724-464e-8482-c2229e279f42
pkg-bga256n80p16x16_1400x1400x170b45-pad-d13,fba1cece-0aff-4904-97a5-0a4113ae4ef6
pkg-bga256n80p16x16_1400x1400x170b45-pad-d14,cf15fc05-8aaa-48ed-af3c-d135efd01a4d
pkg-bga256n80p16x16_1400x1400x170b45-pad-d15,992367fa-1a88-4dfb-b235-f060520a8852
pkg-bga256n80p16x16_1400x1400x170b45-pad-d16,289fee12-6673-4b22-8c68-379747a2f097
pkg-bga256n80p16x16_1400x1400x170b45-pad-d2,bf626dee-cc5a-4198-ace7-07f323ac8e7c
pkg-bga256n80p16x16_1400x1400x170b45-pad-d3,bfe5e88a-3fb6-45e1-a89c-0120bde3ce75
pkg-bga256n80p16x16_1400x1400x170b45-pad-d4,0627ffd2-f940-45ce-914a-ff374ed01fd6
pkg-bga256n80p16x16_1400x1400x170b45-pad-d5,b0ebac7b-edc8-4bac-a434-1730641324b4
pkg-bga256n80p16x16_1400x1400x170b45-pad-d6,8a3c8897-2420-4d30-a964-9a64b421c819
pkg-bga256n80p16x16_1400x1400x170b45-pad-d7,2a988d36-a1e9-49f7-b765-410026f68473
pkg-bga256n80p16x16_1400x1400x170b45-pad-d8,fcaf2f99-7205-47f2-a169-0f078643fdcb
pkg-bga256n80p16x16_1400x1400x170b45-pad-d9,10dd506b-e24c-4e01-a9de-84b29fc15bfe
pkg-bga256n80p16x16_1400x1400x170b45-pad-e1,30dee519-b159-402b-ad71-696c1a9c01a6
pkg-bga256n80p16x16_1400x1400x170b45-pad-e10,77ddcb49-c348-4fdb-96cf-f1f687dbc76d
pkg-bga256n80p16x16_1400x1400x170b45-pad-e11,0081a417-5ef6-4f7b-b3a9-1ef197497205
pkg-bga256n80p16x16_1400x1400x170b45-pad-e12,2c82a95a-2faf-4694-b75d-43514d530141
pkg-bga256n80p16x16_1400x1400x170b45-pad-e13,a5bb087a-b6d4-4fb5-aeb8-bd55624e4992
pkg-bga256n80p16x16_1400x1400x170b45-pad-e14,545c757d-08f8-4cc6-9f5a-d577b7856ace
pkg-bga256n80p16x16_1400x1400x170b45-pad-e15,7356add5-7593-4d1a-b5ba-63f35b17b8ec
pkg-bga256n80p16x16_1400x1400x170b45-pad-e16,b306ffcc-d000-47b1-80db-5be33a5116b7
pkg-bga256n80p16x16_1400x1400x170b45-pad-e2,e30a0f83-9cf8-4b57-8d10-029da0ceff51
pkg-bga256n80p16x16_1400x1400x170b45-pad-e3,b944cedd-5898-4156-a8ec-02b8f345cf4d
pkg-bga256n80p16x16_1400x1400x170b45-pad-e4,729eb6ae-b70f-44fe-b812-9ad6e7cda36c
pkg-bga256n80p16x16_1400x1400x170b45-pad-e5,eff568c3-81d5-444a-8136-579f8388f2cb
pkg-bga256n80p16x16_1400x1400x170b45-pad-e6,a24b5806-28c6-4477-81cc-d4616b184adb
pkg-bga256n80p16x16_1400x1400x170b45-pad-e7,16d13cc6-99db-45f6-b83d-51b11e51834f
pkg-bga256n80p16x16_1400x1400x170b45-pad-e8,3974dfa8-1e6e-40e7-b1b1-f3538301bd78
pkg-bga256n80p16x16_1400x1400x170b45-pad-e9,c5241157-0b35-492d-8273-41133a168da6
pkg-bga256n80p16x16_1400x1400x170b45-pad-f1,32c1f071-0ada-4958-9ece-2db30cf03f79
pkg-bga256n80p16x16_1400x1400x170b45-pad-f10,b41e9de0-376b-44c1-b923-816b30b33120
pkg-bga256n80p16x16_1400x1400x170b45-pad-f11,fe1d2177-5121-4bfb-85a6-f4d025552095
pkg-bga256n80p16x16_1400x1400x170b45-pad-f12,76bf36d1-25da-4641-a235-9459f224216b
pkg-bga256n80p16x16_1400x1400x170b45-pad-f13,a6f58e08-ff42-4cfa-95ab-1ed82232cd6f
pkg-bga256n80p16x16_1400x1400x170b45-pad-f14,6263a09b-1313-403d-b9d2-37311ada7b77
pkg-bga256n80p16x16_1400x1400x170b45-pad-f15,b8dca94f-2b6b-4891-aff7-9fc20e9bd624
pkg-bga256n80p16x16_1400x1400x170b45-pad-f16,d47fe681-c6b2-4900-9faf-dbe9f9e9ef01
pkg-bga256n80p16x16_1400x1400x170b45-pad-f2,6b07863e-e42e-43cd-9f79-56e7cd24708c
pkg-bga256n80p16x16_1400x1400x170b45-pad-f3,f8cab85c-e0aa-4efb-8be3-682d7e3836c0
pkg-bga256n80p16x16_1400x1400x170b45-pad-f4,6fa119ad-1329-4982-9d2b-c0e500f2d108
pkg-bga256n80p16x16_1400x1400x170b45-pad-f5,9650b813-f244-4432-89e1-cf998d3c14a6
pkg-bga256n80p16x16_1400x1400x170b45-pad-f6,42a16492-499f-4647-87f8-bbd1a66607c2
pkg-bga256n80p16x16_1400x1400x170b45-pad-f7,fcb695aa-f6a7-4254-b180-78624bffe0f7
pkg-bga256n80p16x16_1400x1400x170b45-pad-f8,b8fddfbc-9a00-4067-b7d4-b4bf1ccc19cc
pkg-bga256n80p16x16_1400x1400x170b45-pad-f9,74b1449e-6558-4e64-b7d7-c8faecc5b69b
pkg-bga256n80p16x16_1400x1400x170b45-pad-g1,0dc0de4f-edd5-4b42-a390-dcb6acdf5643
pkg-bga256n80p16x16_1400x1400x170b45-pad-g10,70b99f52-d588-43f6-b023-e31929d47bc5
pkg-bga256n80p16x16_1400x1400x170b45-pad-g11,95f522d2-1152-4267-a5b6-26d2540a927a
pkg-bga256n80p16x16_1400x1400x170b45-pad-g12,db2d5a81-c5aa-4523-a588-379b02f5fc84
pkg-bga256n80p16x16_1400x1400x170b45-pad-g13,e0185c15-1a51-4aeb-ab59-e1e61bf8280e
pkg-bga256n80p16x16_1400x1400x170b45-pad-g14,679919e1-311b-4224-b18d-210d4ec63a6d
pkg-bga256n80p16x16_1400x1400x170b45-pad-g15,aaf802ac-869f-46e2-913b-9b487e62010d
pkg-bga256n80p16x16_1400x1400x170b45-pad-g16,34557194-f995-426d-93a5-4cbe5f2affde
pkg-bga256n80p16x16_1400x1400x170b45-pad-g2,2f0ad7f3-e029-4ddf-b94c-47ea6a069151
pkg-bga256n80p16x16_1400x1400x170b45-pad-g3,cd3a2bce-c490-470c-9c9d-6cc298645a0f
pkg-bga256n80p16x16_1400x1400x170b45-pad-g4,11d7688a-b842-46bb-9d33-bcd26e961d3f
pkg-bga256n80p16x16_1400x1400x170b45-pad-g5,8735da5e-9636-4394-ab86-8a01e96f22d1
pkg-bga256n80p16x16_1400x1400x170b45-pad-g6,b3f1a0f5-0f49-439a-9ce8-29582b9e5fe0
pkg-bga256n80p16x16_1400x1400x170b45-pad-g7,770d96ac-9726-4e0a-bd2a-3ed3f2c60aa3
pkg-bga256n80p16x16_1400x1400x170b45-pad-g8,f7183786-f2bf-452b-a5f9-d18eb1fe8c63
pkg-bga256n80p16x16_1400x1400x170b45-pad-g9,f4b03eb8-7075-47c7-9bb9-f4ebe8eaa350
pkg-bga256n80p16x16_1400x1400x170b45-pad-h1,ff93962f-4b6c-450d-9eec-a37dbf2772a4
pkg-bga256n80p16x16_1400x1400x170b45-pad-h10,b8f1cf78-537c-4b87-a486-a6682070734f
pkg-bga256n80p16x16_1400x1400x170b45-pad-h11,d70339d7-0651-4396-b800-e44aa78aaa75
pkg-bga256n80p16x16_1400x1400x170b45-pad-h12,c28a34b3-02ed-477a-b55f-32d4cd60d173
pkg-bga256n80p16x16_1400x1400x170b45-pad-h13,257e3fca-551d-4119-a12c-4c2a64071229
pkg-bga256n80p16x16_1400x1400x170b45-pad-h14,7eb77d1f-67c5-472f-949a-453ecd3a93ce
pkg-bga256n80p16x16_1400x1400x170b45-pad-h15,d2ce6d59-0382-42cb-a553-f7867aea68b8
pkg-bga256n80p16x16_1400x1400x170b45-pad-h16,aa4d2c36-ea76-4e27-8c51-bba8f4a65dfb
pkg-bga256n80p16x16_1400x1400x170b45-pad-h2,24bfedf1-2add-4e35-b406-ad01c81e0f2d
pkg-bga256n80p16x16_1400x1400x170b45-pad-h3,ec478d77-f266-48dc-9320-0a7d62be1f16
pkg-bga256n80p16x16_1400x1400x170b45-pad-h4,a07e5873-1464-4331-85eb-ffd2c07d7d77
pkg-bga256n80p16x16_1400x1400x170b45-pad-h5,468a08d4-1f47-4b1f-8425-a510af046e7b
pkg-bga256n80p16x16_1400x1400x170b45-pad-h6,fa49e3b9-7707-411e-aa58-6c3c742642aa
pkg-bga256n80p16x16_1400x1400x170b45-pad-h7,f5dc5aac-39e1-41c3-8f09-132136612ca9
pkg-bga256n80p16x16_1400x1400x170b45-pad-h8,3ded4108-2eb2-42b9-ad92-d1ab391a2855
pkg-bga256n80p16x16_1400x1400x170b45-pad-h9,92f60c27-6914-4a08-a881-21f47a86ea64
pkg-bga256n80p16x16_1400x1400x170b45-pad-j1,cff723b3-3679-4c88-87d0-da945bb24f12
pkg-bga256n80p16x16_1400x1400x170b45-pad-j10,965e9780-b445-4ab6-9157-dc3dae6f4fe7
pkg-bga256n80p16x16_1400x1400x170b45-pad-j11,79ad8f73-8314-42f1-9da4-6e385f2a02f9
pkg-bga256n80p16x16_1400x1400x170b45-pad-j12,03f041eb-120c-40a6-9002-b2aedd525cfa
pkg-bga256n80p16x16_1400x1400x170b45-pad-j13,fbb9c2b7-c23f-41af-805d-aa3e20f9fa2e
pkg-bga256n80p16x16_1400x1400x170b45-pad-j14,51c79059-98fb-48c7-b93e-af6eb33e4c70
pkg-bga256n80p16x16_1400x1400x170b45-pad-j15,5254c702-3311-4bd4-887e-aea8b473b491
pkg-bga256n80p16x16_1400x1400x170b45-pad-j16,06c8de60-4f0f-4f12-85fc-ca23d5837277
pkg-bga256n80p16x16_1400x1400x170b45-pad-j2,a619c141-1617-4daf-a8a0-296694efb885
pkg-bga256n80p16x16_1400x1400x170b45-pad-j3,1cf26a03-83fe-49ad-beb4-c3317040bca7
pkg-bga256n80p16x16_1400x1400x170b45-pad-j4,d8d8a3f0-0fac-4889-8588-ea968aa37773
pkg-bga256n80p16x16_1400x1400x170b45-pad-j5,0b0e4983-9063-4085-bbef-170e048f398c
pkg-bga256n80p16x16_1400x1400x170b45-pad-j6,bd8a7ee2-a9a8-48d2-bc66-491460ee9eb7
pkg-bga256n80p16x16_1400x1400x170b45-pad-j7,440e2c5b-d926-4f5e-a951-bf508b276e92
pkg-bga256n80p16x16_1400x1400x170b45-pad-j8,5134ed8d-4cde-40b5-b89b-e16be36b97f9
pkg-bga256n80p16x16_1400x1400x170b45-pad-j9,87fe4e85-ce80-4c37-8b5b-205b387fa770
pkg-bga256n80p16x16_1400x1400x170b45-pad-k1,0f2f0224-8353-4864-b5e8-439c7e23323a
pkg-bga256n80p16x16_1400x1400x170b45-pad-k10,7c234bf9-5365-4092-976f-ced52a6f91d9
pkg-bga256n80p16x16_1400x1400x170b45-pad-k11,31296f66-ce49-48c7-af6c-3112ebe384ee
pkg-bga256n80p16x16_1400x1400x170b45-pad-k12,9611c2eb-b288-442a-b8c2-b680bf55967c
pkg-bga256n80p16x16_1400x1400x170b45-pad-k13,b879ccb1-3c8b-4c57-bb3e-462b00ebf53f
pkg-bga256n80p16x16_1400x1400x170b45-pad-k14,60748818-78c8-449e-9469-a2633659b03c
pkg-bga256n80p16x16_1400x1400x170b45-pad-k15,bb1fe0e6-fccd-4faf-ad59-a991d5c5c9dc
pkg-bga256n80p16x16_1400x1400x170b45-pad-k16,0b9c6d2f-7bdd-4127-a3c8-d3e85a7fe8e8
pkg-bga256n80p16x16_1400x1400x170b45-pad-k2,5d51ca8c-c139-4927-b354-857f1584e251
pkg-bga256n80p16x16_1400x1400x170b45-pad-k3,40f1c132-a920-441d-9ae2-d67b803baddb
pkg-bga256n80p16x16_1400x1400x170b45-pad-k4,b3e657d3-d30b-4ae1-8d5c-94c5db9a65ac
pkg-bga256n80p16x16_1400x1400x170b45-pad-k5,ed2d9831-6965-4fd8-b195-45919fe4548c
pkg-bga256n80p16x16_1400x1400x170b45-pad-k6,0de5fd9b-6e2b-4269-9c61-a09c5f421ef8
pkg-bga256n80p16x16_1400x1400x170b45-pad-k7,ecb62e15-e510-4ba3-ba09-bc47123aaaa5
pkg-bga256n80p16x16_1400x1400x170b45-pad-k8,9942b3dd-3cef-4495-9bc9-bc694ca0184f
pkg-bga256n80p16x16_1400x1400x170b45-pad-k9,d60b28ea-d9c7-4e7a-829c-7774214afc0b
pkg-bga256n80p16x16_1400x1400x170b45-pad-l1,8092dbae-bb63-4800-a747-3e982c5b3269
pkg-bga256n80p16x16_1400x1400x170b45-pad-l10,d3b11320-1db9-464d-a55d-f8b0ca5a6fcc
pkg-bga256n80p16x16_1400x1400x170b45-pad-l11,28465914-d7ac-4b56-b7f1-abf494900747
pkg-bga256n80p16x16_1400x1400x170b45-pad-l12,2cfb04ef-1768-4de1-8c82-dd6db9c447f6
pkg-bga256n80p16x16_1400x1400x170b45-pad-l13,80f88701-99af-4209-9608-aed9b0af77bd
pkg-bga256n80p16x16_1400x1400x170b45-pad-l14,8da447f8-a843-4a33-a15d-69f65e070ffe
pkg-bga256n80p16x16_1400x1400x170b45-pad-l15,3c9146a1-10e5-41a9-9a07-8da0800f3e65
pkg-bga256n80p16x16_1400x1400x170b45-pad-l16,d42533fd-3acf-49aa-8d7c-44b69142fa0e
pkg-bga256n80p16x16_1400x1400x170b45-pad-l2,bd4b0884-0a2e-459f-9778-0c00d200be5f
pkg-bga256n80p16x16_1400x1400x170b45-pad-l3,cfd8d446-dadb-463a-abdb-f6d00a3881bb
pkg-bga256n80p16x16_1400x1400x170b45-pad-l4,9268985b-1c25-4256-a145-fb9674e136c7
pkg-bga256n80p16x16_1400x1400x170b45-pad-l5,d8b8e60f-dda3-4c5f-81a7-e767d80bf2e9
pkg-bga256n80p16x16_1400x1400x170b45-pad-l6,63aacdf8-91dd-43d2-9781-c4754ca1a3c7
pkg-bga256n80p16x16_1400x1400x170b45-pad-l7,f3889030-2234-45f3-af05-9a36de5233e1
pkg-bga256n80p16x16_1400x1400x170b45-pad-l8,51052d78-fe48-48ff-9dcf-12227e8189dd
pkg-bga256n80p16x16_1400x1400x170b45-pad-l9,0bd54341-e57f-4225-b0ac-e9701b38601c
pkg-bga256n80p16x16_1400x1400x170b45-pad-m1,33a0bd7d-61fb-46d7-adf8-e7bc63cde9b8
pkg-bga256n80p16x16_1400x1400x170b45-pad-m10,1f0acc65-7fea-43c0-aa07-f7e09eb64feb
pkg-bga256n80p16x16_1400x1400x170b45-pad-m11,d7702a71-f1c4-4623-a47d-0c25793988cd
pkg-bga256n80p16x16_1400x1400x170b45-pad-m12,0447770b-de9c-4631-b6d0-ea444b6295be
pkg-bga256n80p16x16_1400x1400x170b45-pad-m13,51b518aa-21bb-4255-bcaf-6613701b3da1
pkg-bga256n80p16x16_1400x1400x170b45-pad-m14,6a29e066-1146-4084-8384-9eb7d5c7bc3a
pkg-bga256n80p16x16_1400x1400x170b45-pad-m15,b7528412-bf0b-4447-87cc-c3d2889fb505
pkg-bga256n80p16x16_1400x1400x170b45-pad-m16,8691bae1-e4d4-45f0-8262-f26042054a67
pkg-bga256n80p16x16_1400x1400x170b45-pad-m2,52fb9b75-1395-4fd3-babb-a0511cad3733
pkg-bga256n80p16x16_1400x1400x170b45-pad-m3,bd25ea9b-4687-4efe-9f26-3f1c55e59c64
pkg-bga256n80p16x16_1400x1400x170b45-pad-m4,45a57263-42f4-4dbb-8c00-a4bd6cd151e8
pkg-bga256n80p16x16_1400x1400x170b45-pad-m5,564fb967-b1df-461a-af8a-b64ccce081d1
pkg-bga256n80p16x16_1400x1400x170b45-pad-m6,8475a311-ce7b-4b30-8528-bdd3ef9a85e9
pkg-bga256n80p16x16_1400x1400x170b45-pad-m7,b5bd3ee0-42b3-404d-baaf-6c88ea7b3c3b
pkg-bga256n80p16x16_1400x1400x170b45-pad-m8,2bbacafd-5a56-41b8-821a-773113813dd1
pkg-bga256n80p16x16_1400x1400x170b45-pad-m9,5a2dc242-80bc-46a6-b4e4-467f931395a1
pkg-bga256n80p16x16_1400x1400x170b45-pad-n1,573249da-e63b-4a31-a4bf-3d594844a6e4
pkg-bga256n80p16x16_1400x1400x170b45-pad-n10,7b7834ad-08c0-473c-abbd-b004fd281ef2
pkg-bga256n80p16x16_1400x1400x170b45-pad-n11,c5d04775-3634-46bb-a0f9-7a39aac10844
pkg-bga256n80p16x16_1400x1400x170b45-pad-n12,d52570bf-52e4-445f-b89a-22e6f6f93183
pkg-bga256n80p16x16_1400x1400x170b45-pad-n13,fd543f8b-663a-49ff-b908-e0b40df0fd06
pkg-bga256n80p16x16_1400x1400x170b45-pad-n14,88437d6b-405e-45ac-b680-d32f34f84c23
pkg-bga256n80p16x16_1400x1400x170b45-pad-n15,05f0138c-4f7f-4e86-8124-6bd4aef8083e
pkg-bga256n80p16x16_1400x1400x170b45-pad-n16,eb6df39c-c206-480b-bac2-fa204cc81bdc
pkg-bga256n80p16x16_1400x1400x170b45-pad-n2,b6c9cc04-6834-4f1c-98f3-ccb10ccf1f1a
pkg-bga256n80p16x16_1400x1400x170b45-pad-n3,9939cb04-5ae5-4200-a8c0-8c62d2d4a922
pkg-bga256n80p16x16_1400x1400x170b45-pad-n4,cd044782-cccc-4efc-a375-47af4ce1d810
pkg-bga256n80p16x16_1400x1400x170b45-pad-n5,3a1356ab-c000-42df-acba-d1e30ded573a
pkg-bga256n80p16x16_1400x1400x170b45-pad-n6,9742010f-ccac-49cd-8107-2034259fefe5
pkg-bga256n80p16x16_1400x1400x170b45-pad-n7,42577814-f9e1-4584-9cfa-22c20b7f6699
pkg-bga256n80p16x16_1400x1400x170b45-pad-n8,fac37b0d-5fed-4be7-9123-a531dbebb10c
pkg-bga256n80p16x16_1400x1400x170b45-pad-n9,19ff32cd-49cf-4c0c-ae23-efa831f76d00
pkg-bga256n80p16x16_1400x1400x170b45-pad-p1,60b39176-9a51-42f5-9a51-241f255ef46f
pkg-bga256n80p16x16_1400x1400x170b45-pad-p10,6141d4bd-e172-4083-846f-30bf7581f5db
pkg-bga256n80p16x16_1400x1400x170b45-pad-p11,7166669b-c702-4078-9888-6c393a457433
pkg-bga256n80p16x16_1400x1400x170b45-pad-p12,4fd5fb3e-53e0-4683-ab8b-b39145ea3432
pkg-bga256n80p16x16_1400x1400x170b45-pad-p13,3ac46b4e-4137-4bfa-a2f3-2471ddbab2d3
pkg-bga256n80p16x16_1400x1400x170b45-pad-p14,adde4ad5-c87f-4ef2-a45e-9a3714804b59
pkg-bga256n80p16x16_1400x1400x170b45-pad-p15,8e9986e0-4f9a-472d-8111-c815325d4d90
pkg-bga256n80p16x16_1400x1400x170b45-pad-p16,ec7230ce-8532-4942-9842-59f9e5271535
pkg-bga256n80p16x16_1400x1400x170b45-pad-p2,43e3257d-90b5-4870-a7bf-2100cd4be409
pkg-bga256n80p16x16_1400x1400x170b45-pad-p3,00522caa-74ef-4422-9c3d-9182617f039e
pkg-bga256n80p16x16_1400x1400x170b45-pad-p4,d59d5618-c865-4e15-900e-070d33843615
pkg-bga256n80p16x16_1400x1400x170b45-pad-p5,18985df5-143e-42ed-a004-6760c3df26f9
pkg-bga256n80p16x16_1400x1400x170b45-pad-p6,fb719e77-f7c9-45b6-b70c-66feb36d1084
pkg-bga256n80p16x16_1400x1400x170b45-pad-p7,35ccdd50-c178-421c-951f-c278f6aabcee
pkg-bga256n80p16x16_1400x1400x170b45-pad-p8,15b14256-0515-4a9a-a2ee-f72831b5e9f6
pkg-bga256n80p16x16_1400x1400x170b45-pad-p9,de88900a-516b-4b35-8388-2249c6e4554e
pkg-bga256n80p16x16_1400x1400x170b45-pad-r1,c6e1f56d-547c-47de-abed-4dbd3fa99ab2
pkg-bga256n80p16x16_1400x1400x170b45-pad-r10,0ee716b3-b397-4194-80a3-1d744af0ec10
pkg-bga256n80p16x16_1400x1400x170b45-pad-r11,734bfb79-9df4-438f-861e-2153cb235183
pkg-bga256n80p16x16_1400x1400x170b45-pad-r12,af3d4f03-e1db-46ae-97f8-8a4b24e2e1cf
pkg-bga256n80p16x16_1400x1400x170b45-pad-r13,78c863b3-c981-44ff-9892-b4f36fbaa1de
pkg-bga256n80p16x16_1400x1400x170b45-pad-r14,118d62db-b43e-4c68-8e21-e879e59dc1b6
pkg-bga256n80p16x16_1400x1400x170b45-pad-r15,174e507a-7939-4f3a-916b-d19e799e54fc
pkg-bga256n80p16x16_1400x1400x170b45-pad-r16,7ab95306-544e-403c-b426-d33a38d0390d
pkg-bga256n80p16x16_1400x1400x170b45-pad-r2,29a4c1fe-92a6-40c1-8d89-92700a6c5c4f
pkg-bga256n80p16x16_1400x1400x170b45-pad-r3,7b639697-cd66-4e77-adaf-afad0e63a5d2
pkg-bga256n80p16x16_1400x1400x170b45-pad-r4,dd25c6ae-de30-4f28-8dff-aa511623f920
pkg-bga256n80p16x16_1400x1400x170b45-pad-r5,ae8e8f43-501c-47dc-ac5d-af70b9fb399f
pkg-bga256n80p16x16_1400x1400x170b45-pad-r6,3bd8e86e-3da9-4ac6-995f-9accf407dc6b
pkg-bga256n80p16x16_1400x1400x170b45-pad-r7,11791b10-c3d9-4d23-8f06-8e91b0c3e366
pkg-bga256n80p16x16_1400x1400x170b45-pad-r8,0c0c5eba-9473-44ae-a9b8-4993df3f9cc2
pkg-bga256n80p16x16_1400x1400x170b45-pad-r9,7f3bf8d4-f4d8-4517-8fbe-71b73a78fa93
pkg-bga256n80p16x16_1400x1400x170b45-pad-t1,a24a8b12-4143-4b50-8a8b-421006298bd0
pkg-bga256n80p16x16_1400x1400x170b45-pad-t10,ab52bb00-f77c-41fc-9381-1aca6075bac2
pkg-bga256n80p16x16_1400x1400x170b45-pad-t11,fc12cb7d-8fd1-4e21-ab20-ed16aac398b0
pkg-bga256n80p16x16_1400x1400x170b45-pad-t12,a3c26132-1c71-4b14-9800-6cdd07fd5214
pkg-bga256n80p16x16_1400x1400x170b45-pad-t13,d587c2e1-a476-481e-ab36-12b293c35f99
pkg-bga256n80p16x16_1400x1400x170b45-pad-t14,9b648e6f-ff38-4bc4-aa33-29f7fb8562f7
pkg-bga256n80p16x16_1400x1400x170b45-pad-t15,55af8c8d-a29e-4e24-acd5-8c3a4091d152
pkg-bga256n80p16x16_1400x1400x170b45-pad-t16,19f3755c-4223-4645-9bab-9b6be50aa778
pkg-bga256n80p16x16_1400x1400x170b45-pad-t2,85c35d40-5141-4ffd-aeff-5eb42ed0c1ae
pkg-bga256n80p16x16_1400x1400x170b45-pad-t3,b5acb1c6-4295-43e3-b642-98f354e6bce9
pkg-bga256n80p16x16_1400x1400x170b45-pad-t4,0b9fb72b-45cc-4922-adb4-7af5cbfbcda7
pkg-bga256n80p16x16_1400x1400x170b45-pad-t5,057cb0a5-49c7-4a78-9bda-3df7c45477b2
pkg-bga256n80p16x16_1400x1400x170b45-pad-t6,1a1b81a1-459d-4aaf-8481-2c8328eb5b30
pkg-bga256n80p16x16_1400x1400x170b45-pad-t7,1e73ce8a-b0e5-4272-bc39-50e4ea39ff4b
pkg-bga256n80p16x16_1400x1400x170b45-pad-t8,60ff0304-7526-4276-be20-85a2abeff657
pkg-bga256n80p16x16_1400x1400x170b45-pad-t9,d99fac95-5157-4ff0-a68a-19775d11b403
pkg-bga256n80p16x16_1400x1400x170b45-pkg,f9daa385-718d-456f-b254-27cee481ebcc
pkg-bga256n80p16x16_1400x1400x170b45-polygon-courtyard-density~b,3330cc8e-e353-4da6-bb56-d773625ab892
pkg-bga256n80p16x16_1400x1400x170b45-polygon-outline-density~b,94335b8c-bce4-4932-a524-a169865a17a5
pkg-bga256n80p16x16_1400x1400x170b45-polygon-silkscreen-density~b,4041d046-fbe2-4498-abc0-cbe2f4989da5
pkg-bga256n80p16x16_1400x1400x170b45-polygon-silkscreen2-density~b,77600de0-0ae5-4a42-beb8-4e8a1a4ee35e
pkg-bga256n80p16x16_1400x1400x170b45-text-name-density~b,3613bfd4-b452-46ff-9fbe-2c2d563d86f6
pkg-bga256n80p16x16_1400x1400x170b45-text-value-density~b,9ed631a9-4396-4625-9a0d-ae45c6f9f0f2
pkg-bga36n40p6x6_250x250x100b25-footprint-density~b,9c3c1426-b385-4bfd-bd7b-b4ab66ecc5c7
pkg-bga36n40p6x6_250x250x100b25-pad-a1,cfdbcd66-a5c2-4c9e-bf23-a35e8ba2e5c7
pkg-bga36n40p6x6_250x250x100b25-pad-a2,b0b5084b-3118-40d0-812f-5ecdfac45b81
pkg-bga36n40p6x6_250x250x100b25-pad-a3,5f1bbab2-b277-45e2-beae-a5388cccc956
pkg-bga36n40p6x6_250x250x100b25-pad-a4,8e0d00fa-9e66-4e05-a595-b485550519de
pkg-bga36n40p6x6_250x250x100b25-pad-a5,02941c3b-835c-43b6-8208-146f17015b2d
pkg-bga36n40p6x6_250x250x100b25-pad-a6,9285b60b-f032-4112-b020-f72d0cd1b9a2
pkg-bga36n40p6x6_250x250x100b25-pad-b1,d4b6df51-1eb4-4453-94ae-c00c221bcfa9
pkg-bga36n40p6x6_250x250x100b25-pad-b2,0d5ab6d5-2b22-4b65-9591-6305fccb68d1
pkg-bga36n40p6x6_250x250x100b25-pad-b3,9df36eec-7f26-4051-b708-ffe47e97850f
pkg-bga36n40p6x6_250x250x100b25-pad-b4,92eaa040-5d50-4357-9fdf-150cb4b0959d
pkg-bga36n40p6x6_250x250x100b25-pad-b5,8c42f436-b9b8-4fd3-b6eb-6697c234f1c1
pkg-bga36n40p6x6_250x250x100b25-pad-b6,a3a91d2f-36c0-4232-b4e4-cc330aa092a8
pkg-bga36n40p6x6_250x250x100b25-pad-c1,24928d00-b0bc-4e63-a56f-c8c2a243a929
pkg-bga36n40p6x6_250x250x100b25-pad-c2,38693c26-919e-452c-bd87-83f17d00976c
pkg-bga36n40p6x6_250x250x100b25-pad-c3,efa25474-5736-4903-8f2a-b86840d3756e
pkg-bga36n40p6x6_250x250x100b25-pad-c4,91d18903-68e8-4ce4-8f97-9f8f9cdaebd8
pkg-bga36n40p6x6_250x250x100b25-pad-c5,494c875c-7f4a-4023-b767-e92332621f9d
pkg-bga36n40p6x6_250x250x100b25-pad-c6,95608204-870e-49e2-bb9d-a61834daa5a9
pkg-bga36n40p6x6_250x250x100b25-pad-d1,f49eb477-b08a-4ee7-a03c-9ad1788d3133
pkg-bga36n40p6x6_250x250x100b25-pad-d2,610bcd2f-21ae-4a99-94b5-dfb89da73bd1
pkg-bga36n40p6x6_250x250x100b25-pad-d3,ab747229-b3ee-41c8-a0fd-12ddff69dcaf
pkg-bga36n40p6x6_250x250x100b25-pad-d4,a7dcee8b-a4fd-4fab-8206-5ceb39002d77
pkg-bga36n40p6x6_250x250x100b25-pad-d5,373d504f-2444-4297-8cf3-4d7795108bd0
pkg-bga36n40p6x6_250x250x100b25-pad-d6,cd10d1e0-9aef-4831-9a09-b8eaba14f3c0
pkg-bga36n40p6x6_250x250x100b25-pad-e1,b7e141ce-1495-459d-b4bf-8888b2b69f40
pkg-bga36n40p6x6_250x250x100b25-pad-e2,3e6ed3fd-ffe4-4997-a68e-e9baf40cd385
pkg-bga36n40p6x6_250x250x100b25-pad-e3,a956af54-bd18-4632-b8f7-d9a6c13c32b6
pkg-bga36n40p6x6_250x250x100b25-pad-e4,356743aa-36d7-417c-8ce6-e3b3822e2c55
pkg-bga36n40p6x6_250x250x100b25-pad-e5,27d74f1e-e764-4350-a81f-f1d1ccbe42c1
pkg-bga36n40p6x6_250x250x100b25-pad-e6,beb5f9ab-5f42-456d-8294-0b761d995563
pkg-bga36n40p6x6_250x250x100b25-pad-f1,4f3c5616-2e32-4a94-81f1-94cd6c31a721
pkg-bga36n40p6x6_250x250x100b25-pad-f2,72e8fbb6-8a3c-49e4-a333-260c843671d5
pkg-bga36n40p6x6_250x250x100b25-pad-f3,4b270bb0-2548-464b-85a3-a3183b5f4065
pkg-bga36n40p6x6_250x250x100b25-pad-f4,b5c61d0e-a1ef-4aa5-bb2e-eca4d7e6bca7
pkg-bga36n40p6x6_250x250x100b25-pad-f5,48f320d8-a74e-4af9-bff7-2aadf436742a
pkg-bga36n40p6x6_250x250x100b25-pad-f6,ba290566-af4a-4a01-9bce-6f4d622a40e7
pkg-bga36n40p6x6_250x250x100b25-pkg,ddd2b5c5-6ad0-4f9a-96f4-88ba481ce654
pkg-bga36n40p6x6_250x250x100b25-polygon-courtyard-density~b,9d8ffa25-862d-4bd3-9993-edf7253318ff
pkg-bga36n40p6x6_250x250x100b25-polygon-outline-density~b,620ca6de-7fb8-4327-bde9-3591c7fbfc78
pkg-bga36n40p6x6_250x250x100b25-polygon-silkscreen-density~b,0001e481-4f63-4768-a701-81460d670015
pkg-bga36n40p6x6_250x250x100b25-polygon-silkscreen2-density~b,d78f0324-db65-4ad0-978c-22d889058a20
pkg-bga36n40p6x6_250x250x100b25-text-name-density~b,ee3e4126-2a9d-48a0-a293-e7b724be8d55
pkg-bga36n40p6x6_250x250x100b25-text-value-density~b,6a25cf40-4464-439d-990d-1033c2458fca
pkg-bga49n40p7x7_300x300x100b25-footprint-density~b,482c3644-e3fb-4e03-91f1-f230352e8eda
pkg-bga49n40p7x7_300x300x100b25-pad-a1,99b68962-e567-4dba-a187-9fe3b5bec218
pkg-bga49n40p7x7_300x300x100b25-pad-a2,d345739d-540e-4df0-b964-3d381007a831
pkg-bga49n40p7x7_300x300x100b25-pad-a3,f9de58a4-62b7-4019-8339-8221627cc33b
pkg-bga49n40p7x7_300x300x100b25-pad-a4,fdbd32d8-8568-4e34-af3c-7b84c9a67534
pkg-bga49n40p7x7_300x300x100b25-pad-a5,025c4b23-9419-43f4-83ae-92f1acab0c89
pkg-bga49n40p7x7_300x300x100b25-pad-a6,d7cfb598-87c5-4074-9d79-ea7e5d96b6b4
pkg-bga49n40p7x7_300x300x100b25-pad-a7,ce72c8d3-8900-4b5c-9ac1-638d6cacb536
pkg-bga49n40p7x7_300x300x100b25-pad-b1,a3108b3f-0625-4e5e-84cd-5f6a7548b47b
pkg-bga49n40p7x7_300x300x100b25-pad-b2,1975d121-1b61-4d62-8032-ab55519aadc7
pkg-bga49n40p7x7_300x300x100b25-pad-b3,54c6b316-1b39-46d7-a2d8-7d586b908436
pkg-bga49n40p7x7_300x300x100b25-pad-b4,e464ea78-c765-4ad6-a04c-2944ac41a376
pkg-bga49n40p7x7_300x300x100b25-pad-b5,28025b0e-9826-40ad-900e-2c0c51ce013c
pkg-bga49n40p7x7_300x300x100b25-pad-b6,0ac214b2-7077-4fc6-919d-ebd0bbd23f2e
pkg-bga49n40p7x7_300x300x100b25-pad-b7,7c367a1b-1427-4a5b-8549-3186c6cdb2fc
pkg-bga49n40p7x7_300x300x100b25-pad-c1,1f39847a-f759-4456-aed1-49cc2b3e547a
pkg-bga49n40p7x7_300x300x100b25-pad-c2,82fcef88-c19b-4a88-801c-2ef6d227403b
pkg-bga49n40p7x7_300x300x100b25-pad-c3,9c639f9f-6b11-4f75-b8c0-66951830c020
pkg-bga49n40p7x7_300x300x100b25-pad-c4,72b31175-da7f-420a-969e-98e62747eb35
pkg-bga49n40p7x7_300x300x100b25-pad-c5,6a68d4c1-ec3a-4f48-a72d-4675b6bac430
pkg-bga49n40p7x7_300x300x100b25-pad-c6,df0dfc3e-1a26-4554-9028-138880b58257
pkg-bga49n40p7x7_300x300x100b25-pad-c7,b03ba218-3830-4eb8-b9b5-9950a9bdf5ee
pkg-bga49n40p7x7_300x300x100b25-pad-d1,5f569741-bef1-407d-baea-f16c3c548ef9
pkg-bga49n40p7x7_300x300x100b25-pad-d2,3154e992-b3ae-404f-9d58-ae4b1547e2d0
pkg-bga49n40p7x7_300x300x100b25-pad-d3,e0abd86a-4d18-4975-86f2-4ed42295de94
pkg-bga49n40p7x7_300x300x100b25-pad-d4,b1f8a6ff-8771-48d2-94d7-a1d73fb89a16
pkg-bga49n40p7x7_300x300x100b25-pad-d5,e72f21df-e208-4139-bcd3-7375ba12b12e
pkg-bga49n40p7x7_300x300x100b25-pad-d6,308dd42e-6f60-48e4-8f03-6a6223d009eb
pkg-bga49n40p7x7_300x300x100b25-pad-d7,d96ee15d-85b8-40ef-81de-e9ee69833dbf
pkg-bga49n40p7x7_300x300x100b25-pad-e1,a8a63883-0953-4b21-a7b3-67c0c6131beb
pkg-bga49n40p7x7_300x300x100b25-pad-e2,603eb2f3-7770-4fd5-ada4-377cd70bdb49
pkg-bga49n40p7x7_300x300x100b25-pad-e3,93318222-1616-4534-a9ba-ee4e6aecac07
pkg-bga49n40p7x7_300x300x100b25-pad-e4,2d28d0ae-5439-472d-9d69-7d48e2b5b0a7
pkg-bga49n40p7x7_300x300x100b25-pad-e5,68e1edc5-cc7e-4be8-9f9b-45c21a804056
pkg-bga49n40p7x7_300x300x100b25-pad-e6,77f95a6a-ac67-4a46-94ac-35ff4a759400
pkg-bga49n40p7x7_300x300x100b25-pad-e7,c4d6f13a-dd98-4db8-a56a-3eafc88bca31
pkg-bga49n40p7x7_300x300x100b25-pad-f1,c480a957-70bd-4420-9057-c14d40e8ff76
pkg-bga49n40p7x7_300x300x100b25-pad-f2,214a7e71-c7c9-43ce-9d51-93546d937dc6
pkg-bga49n40p7x7_300x300x100b25-pad-f3,7b2f6884-44ef-46d9-b15a-cb3421de754b
pkg-bga49n40p7x7_300x300x100b25-pad-f4,d63971f2-d7fe-4296-bf57-e6e786649ccb
pkg-bga49n40p7x7_300x300x100b25-pad-f5,3bf90b97-5adb-4271-a92b-780ac8a8a3b4
pkg-bga49n40p7x7_300x300x100b25-pad-f6,22503702-6c06-43e5-9d9e-4e125d6e7906
pkg-bga49n40p7x7_300x300x100b25-pad-f7,9cfd525b-5f2b-4c3e-89ae-69dfcb22070a
pkg-bga49n40p7x7_300x300x100b25-pad-g1,0ae91ddf-27b4-436c-afaa-9e26078cfe64
pkg-bga49n40p7x7_300x300x100b25-pad-g2,b77ceaac-d23c-4acb-8ab3-a5274b8932ea
pkg-bga49n40p7x7_300x300x100b25-pad-g3,18530e42-54a9-4f35-96cf-4d51e69a62d1
pkg-bga49n40p7x7_300x300x100b25-pad-g4,267f8e75-6f3f-4231-877c-f011b7dbfd29
pkg-bga49n40p7x7_300x300x100b25-pad-g5,56de6627-ebcf-4d5f-8156-0d42071b94a4
pkg-bga49n40p7x7_300x300x100b25-pad-g6,a15afce7-7216-449c-88e8-3e44e7efc783
pkg-bga49n40p7x7_300x300x100b25-pad-g7,06684beb-379f-411c-9752-a0a057aa7981
pkg-bga49n40p7x7_300x300x100b25-pkg,59493db1-0844-4de8-8714-b69ad012addb
pkg-bga49n40p7x7_300x300x100b25-polygon-courtyard-density~b,001e632d-6030-481a-af51-7877113df453
pkg-bga49n40p7x7_300x300x100b25-polygon-outline-density~b,f2e43549-306c-4dd0-a9a3-4719fbc59f9a
pkg-bga49n40p7x7_300x300x100b25-polygon-silkscreen-density~b,576ce606-e208-4870-bc14-3c50f6bf548c
pkg-bga49n40p7x7_300x300x100b25-polygon-silkscreen2-density~b,69076d18-264f-46a4-b7b0-bee17d54169d
pkg-bga49n40p7x7_300x300x100b25-text-name-density~b,4cc66955-ce7c-4ca4-9563-74304d4726b9
pkg-bga49n40p7x7_300x300x100b25-text-value-density~b,90b7163c-d299-4c88-a9a7-b47874e29906
pkg-bga64n40p8x8_400x400x100b25-footprint-density~b,d46f0cac-731c-4566-9522-dcf04f0108af
pkg-bga64n40p8x8_400x400x100b25-pad-a1,d2c09abf-c927-4cd0-bf92-377e7aa9d637
pkg-bga64n40p8x8_400x400x100b25-pad-a2,5bdf42c8-f6b4-4e77-8f9f-7753e83c75c0
pkg-bga64n40p8x8_400x400x100b25-pad-a3,d518acb7-ed39-42f9-bd32-c43778d91ba8
pkg-bga64n40p8x8_400x400x100b25-pad-a4,7c75294e-3e9c-49ee-a444-64e51fb02f1c
pkg-bga64n40p8x8_400x400x100b25-pad-a5,6ed882f7-6474-4ae0-bad7-b3d7f6caf279
pkg-bga64n40p8x8_400x400x100b25-pad-a6,23c7fb80-8cbc-49a7-83e5-29fca6f0b395
pkg-bga64n40p8x8_400x400x100b25-pad-a7,faf0e7bb-cb5a-4ff0-bbe0-60ee957e99d3
pkg-bga64n40p8x8_400x400x100b25-pad-a8,77ee85db-0d24-411a-93dc-8afc5ec3b66c
pkg-bga64n40p8x8_400x400x100b25-pad-b1,014d971c-f422-4517-b57a-fdbb60904b35
pkg-bga64n40p8x8_400x400x100b25-pad-b2,575b4579-7d58-4963-9e42-1b4804ccf5e8
pkg-bga64n40p8x8_400x400x100b25-pad-b3,166ca0c6-0407-4d01-a6ba-691ae691c9ae
pkg-bga64n40p8x8_400x400x100b25-pad-b4,a7b66f4e-a026-40a1-8061-cd2b0c46101d
pkg-bga64n40p8x8_400x400x100b25-pad-b5,4adbf89b-1977-4280-b390-7954b258883c
pkg-bga64n40p8x8_400x400x100b25-pad-b6,f1cbd098-ae0f-420e-ba3a-37b89976159b
pkg-bga64n40p8x8_400x400x100b25-pad-b7,db96ca6c-c672-419f-ad01-5de66fd98d77
pkg-bga64n40p8x8_400x400x100b25-pad-b8,4b336ffe-b8a3-4610-b671-63126b44e4c2
pkg-bga64n40p8x8_400x400x100b25-pad-c1,27b350d0-7160-4391-b00b-a9ac6dc49292
pkg-bga64n40p8x8_400x400x100b25-pad-c2,f154602e-09bc-4e4f-97f9-54896ac36365
pkg-bga64n40p8x8_400x400x100b25-pad-c3,6db73a6e-9e1e-4690-bbfa-e93119de1908
pkg-bga64n40p8x8_400x400x100b25-pad-c4,2af13037-07f2-4ab1-89ac-a79fe702ec1a
pkg-bga64n40p8x8_400x400x100b25-pad-c5,b86097ae-e6ea-4cbb-8726-c1377fb19f23
pkg-bga64n40p8x8_400x400x100b25-pad-c6,10f3c817-6181-4e50-8203-98763a37f27f
pkg-bga64n40p8x8_400x400x100b25-pad-c7,72186b96-a86d-494c-a7a8-22c185263737
pkg-bga64n40p8x8_400x400x100b25-pad-c8,529c4f3b-a18d-4e88-bc42-4947e6120407
pkg-bga64n40p8x8_400x400x100b25-pad-d1,babe7ca1-7a6e-4496-a194-8015f682cd8f
pkg-bga64n40p8x8_400x400x100b25-pad-d2,afb7a888-8ef3-40f7-a55b-21145cabb4e0
pkg-bga64n40p8x8_400x400x100b25-pad-d3,5649a78c-91cc-4910-ad02-f0a3b2fcb1cc
pkg-bga64n40p8x8_400x400x100b25-pad-d4,a930b49a-f822-4092-8468-88b8029d988f
pkg-bga64n40p8x8_400x400x100b25-pad-d5,c941fb41-1118-406b-a6b3-39c6a8a094a0
pkg-bga64n40p8x8_400x400x100b25-pad-d6,f85a735d-a0b2-4595-8ef1-43284348ac2a
pkg-bga64n40p8x8_400x400x100b25-pad-d7,24d0b076-a3d2-487d-a79a-49f1b87ea21a
pkg-bga64n40p8x8_400x400x100b25-pad-d8,8354f97b-811d-49bc-8907-80e6466a6f4a
pkg-bga64n40p8x8_400x400x100b25-pad-e1,0ce134ed-a7ee-40dc-847b-01b4a1135120
pkg-bga64n40p8x8_400x400x100b25-pad-e2,51df0fed-9baa-400a-b9a2-95a923871b7d
pkg-bga64n40p8x8_400x400x100b25-pad-e3,10c98090-ba0b-40d1-b996-a6313936fec3
pkg-bga64n40p8x8_400x400x100b25-pad-e4,76d38f6e-2279-451b-bc5e-af33a033daa0
pkg-bga64n40p8x8_400x400x100b25-pad-e5,146b211b-ca1e-4297-aa34-f8211fc482e3
pkg-bga64n40p8x8_400x400x100b25-pad-e6,93fc5f88-ab4c-40ae-bb56-37df2eacd16f
pkg-bga64n40p8x8_400x400x100b25-pad-e7,8d435c2b-61bf-47a5-b4c4-dac6d7eee39b
pkg-bga64n40p8x8_400x400x100b25-pad-e8,c2d78e74-c8cb-4a4c-a34e-68caff7e6c80
pkg-bga64n40p8x8_400x400x100b25-pad-f1,726d5f3f-85e4-428e-ac35-df2173df9c02
pkg-bga64n40p8x8_400x400x100b25-pad-f2,df467a18-254d-40ee-bb3c-dd858fedb167
pkg-bga64n40p8x8_400x400x100b25-pad-f3,f68db83e-e79d-4420-8659-749c78f33777
pkg-bga64n40p8x8_400x400x100b25-pad-f4,6b097932-158d-465d-bd26-55e224f3b8cd
pkg-bga64n40p8x8_400x400x100b25-pad-f5,63e7cbeb-eb59-4b94-a0d7-e3d11ddc0b13
pkg-bga64n40p8x8_400x400x100b25-pad-f6,5ebf8333-947d-4248-aaed-98d8d5520f66
pkg-bga64n40p8x8_400x400x100b25-pad-f7,bd641eb7-ef5b-4faa-a732-6e665e24cfe6
pkg-bga64n40p8x8_400x400x100b25-pad-f8,332d9f48-fa1f-4961-9edc-62d44ef215c2
pkg-bga64n40p8x8_400x400x100b25-pad-g1,75bf8776-d51c-43da-94d9-4163db5fc9aa
pkg-bga64n40p8x8_400x400x100b25-pad-g2,f8afd474-ecf6-477f-93f7-3f7c6083fb37
pkg-bga64n40p8x8_400x400x100b25-pad-g3,ad4bc1dc-ac1e-4de2-bd92-74ba6322903c
pkg-bga64n40p8x8_400x400x100b25-pad-g4,9d89fec2-6dcb-45b5-8e9e-5b772b7f5822
pkg-bga64n40p8x8_400x400x100b25-pad-g5,01dda312-e5d2-4cf1-a00a-6ce2682af440
pkg-bga64n40p8x8_400x400x100b25-pad-g6,cfb953e1-3dbf-41bd-9d90-0487674dc19f
pkg-bga64n40p8x8_400x400x100b25-pad-g7,ecde0595-fce7-4220-acda-5dd3351ae843
pkg-bga64n40p8x8_400x400x100b25-pad-g8,f01ec060-8935-4235-b105-17a495964cf4
pkg-bga64n40p8x8_400x400x100b25-pad-h1,fa5e6338-8996-4c8f-a98a-951391ee543d
pkg-bga64n40p8x8_400x400x100b25-pad-h2,7309aab7-c2b2-468c-9795-d016629302e4
pkg-bga64n40p8x8_400x400x100b25-pad-h3,0735c5ae-a57a-4d6e-ba79-71c69f36994c
pkg-bga64n40p8x8_400x400x100b25-pad-h4,31eb468f-7d18-4e4b-99ef-0958ca3bb1f7
pkg-bga64n40p8x8_400x400x100b25-pad-h5,1aa0ccdb-9cef-486d-86cb-8a45c940ae3a
pkg-bga64n40p8x8_400x400x100b25-pad-h6,0a962b9e-10ee-447a-a7a4-474aa6d96da4
pkg-bga64n40p8x8_400x400x100b25-pad-h7,fc70a24a-b43a-4553-aab7-bac411c9f72b
pkg-bga64n40p8x8_400x400x100b25-pad-h8,290f0386-fde4-4593-b00b-342b525e102c
pkg-bga64n40p8x8_400x400x100b25-pkg,0edc07ab-3cc5-43d6-945c-f2a0dbb593a8
pkg-bga64n40p8x8_400x400x100b25-polygon-courtyard-density~b,af16656e-496b-45a2-bb1b-4e589e0af583
pkg-bga64n40p8x8_400x400x100b25-polygon-outline-density~b,4521e469-465a-403d-afea-e4b8eb0d5a05
pkg-bga64n40p8x8_400x400x100b25-polygon-silkscreen-density~b,61dad73a-c4fa-4817-bc49-2468c7ee6683
pkg-bga64n40p8x8_400x400x100b25-polygon-silkscreen2-density~b,8cd50a4a-e846-4c1e-8188-f679d5ac200e
pkg-bga64n40p8x8_400x400x100b25-text-name-density~b,7b2a77ad-1e69-4a5f-8917-5dce4a06b2f5
pkg-bga64n40p8x8_400x400x100b25-text-value-density~b,4ac5ceb6-d1df-463f-acf1-5c76ef0bbbdf
pkg-bga81n40p9x9_400x400x100b25-footprint-density~b,d598f659-dd14-4e22-8715-eaeee668ba18
pkg-bga81n40p9x9_400x400x100b25-pad-a1,44a5bd0e-9b4a-487a-8142-4a501bed9e5e
pkg-bga81n40p9x9_400x400x100b25-pad-a2,a2a8f6db-b437-4a9c-98f7-952a8ab6eda3
pkg-bga81n40p9x9_400x400x100b25-pad-a3,f368159e-34ee-47e1-82e3-f8b4928db34c
pkg-bga81n40p9x9_400x400x100b25-pad-a4,9db7289b-2a43-4e50-95ad-1bdf02d6f0a5
pkg-bga81n40p9x9_400x400x100b25-pad-a5,d5cdf61a-bec2-4079-ac89-b6cb3b63fb2b
pkg-bga81n40p9x9_400x400x100b25-pad-a6,affa49fe-c85a-4608-a381-950978dded79
pkg-bga81n40p9x9_400x400x100b25-pad-a7,f957fcd2-775e-431c-92cd-f6d2369e329b
pkg-bga81n40p9x9_400x400x100b25-pad-a8,5f6221e1-f683-4f11-8617-a6a0ea8c4ee9
pkg-bga81n40p9x9_400x400x100b25-pad-a9,c0ee6ad0-91d7-4e0b-bfc8-d766699e8327
pkg-bga81n40p9x9_400x400x100b25-pad-b1,9ef63323-11c0-44e4-b814-6e8932893a00
pkg-bga81n40p9x9_400x400x100b25-pad-b2,066bc0b4-2192-49dc-9d51-fddb2c461191
pkg-bga81n40p9x9_400x400x100b25-pad-b3,64a071b1-f74b-455d-a273-1e855a05d3e0
pkg-bga81n40p9x9_400x400x100b25-pad-b4,39e38293-946e-446a-a29f-5aff0fe5b43d
pkg-bga81n40p9x9_400x400x100b25-pad-b5,9841f3c9-1b17-47f5-865d-eb88d69c3aa5
pkg-bga81n40p9x9_400x400x100b25-pad-b6,7d45c0db-db31-4a0f-a817-68aab0ddaf3a
pkg-bga81n40p9x9_400x400x100b25-pad-b7,40588a64-1dac-4dd1-a17e-c64aafccd9b1
pkg-bga81n40p9x9_400x400x100b25-pad-b8,b37f37a2-db74-4a69-8257-3b7e835a8267
pkg-bga81n40p9x9_400x400x100b25-pad-b9,61187663-1a9d-4932-8e7d-9cc2dcec165e
pkg-bga81n40p9x9_400x400x100b25-pad-c1,9919dc75-4366-4ac5-85e2-13689b73c895
pkg-bga81n40p9x9_400x400x100b25-pad-c2,8581e3bd-e332-4a82-ba56-868a8a5ef367
pkg-bga81n40p9x9_400x400x100b25-pad-c3,17449ae1-32f2-440e-a330-d439462211af
pkg-bga81n40p9x9_400x400x100b25-pad-c4,dcca70bb-4676-423f-b50f-09085b90422e
pkg-bga81n40p9x9_400x400x100b25-pad-c5,bb59c671-232e-44b8-9bf8-cc01fde1581b
pkg-bga81n40p9x9_400x400x100b25-pad-c6,e22eddb8-95d9-41d6-b855-2ce7aa4f8e7d
pkg-bga81n40p9x9_400x400x100b25-pad-c7,33f1924d-201c-4bce-9713-99f6f6e1ed91
pkg-bga81n40p9x9_400x400x100b25-pad-c8,a4902338-c0b9-4388-aaf4-faa6ea5c28ec
pkg-bga81n40p9x9_400x400x100b25-pad-c9,f5a2e092-f517-4099-90e9-5e83b4684c8b
pkg-bga81n40p9x9_400x400x100b25-pad-d1,fed11966-bcff-40dd-bf05-abd03d5f733e
pkg-bga81n40p9x9_400x400x100b25-pad-d2,bc8d3cd2-1f67-43fb-9a39-47f2ec4f4c6f
pkg-bga81n40p9x9_400x400x100b25-pad-d3,26163b91-4b66-44da-916b-655ff1e50fa2
pkg-bga81n40p9x9_400x400x100b25-pad-d4,07b45a92-2b5d-4464-8104-88e2f232f020
pkg-bga81n40p9x9_400x400x100b25-pad-d5,093c3550-186d-472d-b1ee-6f06cff4c8fb
pkg-bga81n40p9x9_400x400x100b25-pad-d6,95fdd2f6-54d9-4420-be67-c39e9857d032
pkg-bga81n40p9x9_400x400x100b25-pad-d7,1915ef34-07f4-4a21-8d94-621015359c2d
pkg-bga81n40p9x9_400x400x100b25-pad-d8,57e8f600-a580-4034-b759-e0a1526c018a
pkg-bga81n40p9x9_400x400x100b25-pad-d9,b7719771-349e-4c3e-a6cf-88f7dded03f5
pkg-bga81n40p9x9_400x400x100b25-pad-e1,353cdcef-4808-41ab-8e7e-04fe6bed0bfd
pkg-bga81n40p9x9_400x400x100b25-pad-e2,4765e242-a21d-485b-9a5e-9c983a271277
pkg-bga81n40p9x9_400x400x100b25-pad-e3,01304786-7722-4f07-bf76-5e8c5c72ff6b
pkg-bga81n40p9x9_400x400x100b25-pad-e4,c547022c-d698-45a1-ab7c-2d666608d67f
pkg-bga81n40p9x9_400x400x100b25-pad-e5,9121c7e6-29c5-4f00-a75f-abfc4e9127f1
pkg-bga81n40p9x9_400x400x100b25-pad-e6,7384cac7-a10a-461a-b59a-f14e3e54454d
pkg-bga81n40p9x9_400x400x100b25-pad-e7,cfa2ca52-71dc-4533-bc8f-18e42c985c4c
pkg-bga81n40p9x9_400x400x100b25-pad-e8,71cfbe5e-160a-492f-9b5a-cef8e68bad57
pkg-bga81n40p9x9_400x400x100b25-pad-e9,16919a08-c7cd-42c8-ad55-1d14449c4bb1
pkg-bga81n40p9x9_400x400x100b25-pad-f1,c6b618d7-b5cb-470d-a196-943afe778c75
pkg-bga81n40p9x9_400x400x100b25-pad-f2,04d8028c-1b7c-490c-a598-604493fff6ee
pkg-bga81n40p9x9_400x400x100b25-pad-f3,edc5bdaa-28ac-4824-ad3a-b20d78bfdf82
pkg-bga81n40p9x9_400x400x100b25-pad-f4,f3b61eea-4fc7-477c-9169-7f058407d4a6
pkg-bga81n40p9x9_400x400x100b25-pad-f5,d0e2e5e2-7918-42e4-a5f6-7b62bd64528b
pkg-bga81n40p9x9_400x400x100b25-pad-f6,d7eabb6d-1415-4980-a192-3ea988708392
pkg-bga81n40p9x9_400x400x100b25-pad-f7,7aaef430-86a0-4959-8e87-24fbaf75df7d
pkg-bga81n40p9x9_400x400x100b25-pad-f8,6284f3f0-ee07-47e4-8f58-21af808894d3
pkg-bga81n40p9x9_400x400x100b25-pad-f9,3f8db45a-31a3-459f-870f-83e6ca3ecec1
pkg-bga81n40p9x9_400x400x100b25-pad-g1,a7e17247-bbec-4f26-b78a-d1ed2441420f
pkg-bga81n40p9x9_400x400x100b25-pad-g2,edc2c9a3-5e12-4d69-8a17-74804e3c5386
pkg-bga81n40p9x9_400x400x100b25-pad-g3,60fe214c-d434-4bfe-9ea5-312d59ad357d
pkg-bga81n40p9x9_400x400x100b25-pad-g4,d9bf282c-ce4c-4837-881e-9e6a496c7e03
pkg-bga81n40p9x9_400x400x100b25-pad-g5,f537c952-5740-48d8-a68c-2cfbc2a9164e
pkg-bga81n40p9x9_400x400x100b25-pad-g6,d2c1217d-0baf-45a6-b865-f7a572f578fd
pkg-bga81n40p9x9_400x400x100b25-pad-g7,cc2903dd-e912-4c6d-8c74-d756268caedb
pkg-bga81n40p9x9_400x400x100b25-pad-g8,0d88fef8-31f9-48c6-b334-3e8136f04aee
pkg-bga81n40p9x9_400x400x100b25-pad-g9,384ff83e-1b7a-48b2-bbe1-c5118947e09a
pkg-bga81n40p9x9_400x400x100b25-pad-h1,41e057a0-627b-41dc-ae2f-01d0155b3484
pkg-bga81n40p9x9_400x400x100b25-pad-h2,c3261612-0fa1-4cd5-baaa-7f07ee3d9336
pkg-bga81n40p9x9_400x400x100b25-pad-h3,107b65b4-b0d9-4f29-86a7-e8ff58e65f68
pkg-bga81n40p9x9_400x400x100b25-pad-h4,a9bf66e6-31e4-4f61-995c-726c097ff2f6
pkg-bga81n40p9x9_400x400x100b25-pad-h5,7bb10e12-c1d0-4bd4-87f2-c1955b8d4db0
pkg-bga81n40p9x9_400x400x100b25-pad-h6,36c22b6c-d8b4-49c0-bc4e-27793e1ec236
pkg-bga81n40p9x9_400x400x100b25-pad-h7,36b629b0-7637-4962-98a9-e6327456e51f
pkg-bga81n40p9x9_400x400x100b25-pad-h8,ec9d813f-59e6-40ee-b5e2-f5629a28f051
pkg-bga81n40p9x9_400x400x100b25-pad-h9,5757380d-ce29-4693-9166-dbe8cfa564b4
pkg-bga81n40p9x9_400x400x100b25-pad-j1,5ecfe09d-4b78-47ab-a84a-90780921a79e
pkg-bga81n40p9x9_400x400x100b25-pad-j2,a3d6addd-0e8a-44f7-82f4-a7c718464c6e
pkg-bga81n40p9x9_400x400x100b25-pad-j3,c4d42ec6-a0f1-4aec-8d60-927f45595ccb
pkg-bga81n40p9x9_400x400x100b25-pad-j4,5e54deec-2424-45ed-baba-26b2b29079c9
pkg-bga81n40p9x9_400x400x100b25-pad-j5,5eb0dadb-ebef-4d6d-bb0c-f9caca0f82bb
pkg-bga81n40p9x9_400x400x100b25-pad-j6,202b51e5-c7b3-4c43-8119-1aca21b584da
pkg-bga81n40p9x9_400x400x100b25-pad-j7,e49aa160-bccf-4411-99ae-4d45c9267d59
pkg-bga81n40p9x9_400x400x100b25-pad-j8,fe4fd534-3140-49d4-b9f6-5c3ac7cb0453
pkg-bga81n40p9x9_400x400x100b25-pad-j9,bb67a761-a329-4df6-b9ee-bb9e43fbea89
pkg-bga81n40p9x9_400x400x100b25-pkg,361e1ad0-6e53-43e3-a469-29e0d97b069c
pkg-bga81n40p9x9_400x400x100b25-polygon-courtyard-density~b,e098c2f7-18f8-4fda-bbf8-5e1a76ad9cb7
pkg-bga81n40p9x9_400x400x100b25-polygon-outline-density~b,0f96616f-44aa-450b-a625-95225ce2b27a
pkg-bga81n40p9x9_400x400x100b25-polygon-silkscreen-density~b,5038cc2c-f9c0-4365-a55e-a788bdd44c18
pkg-bga81n40p9x9_400x400x100b25-polygon-silkscreen2-density~b,18f03efb-d14b-4ba3-a43b-e2d504b79ce3
pkg-bga81n40p9x9_400x400x100b25-text-name-density~b,9decfba4-d3a8-4c40-9562-c0f95770ee29
pkg-bga81n40p9x9_400x400x100b25-text-value-density~b,8baec371-514b-4516-81e0-4ce73b7f6973
